NUM,Variable,Class,Status,Trib,Demog,Sex,HeadHH,OccuSpecIncl,OccuSpecInclude,OccuSpecInclude_O,OccuSpecInclude_N,OccuSpecInclude_F,OccuSpecInclude_NO,OccuSpecInclude_FO,OccuSpecInclude_NF,OccuSpecInclude_NFO,Pop.m,PopHH.m,Common.m,CommonHH.m,Noble.m,NobleHH.m,Trib.m,TribHH.m,Exempt.m,ExemptHH.m,Spec.m,SpecHH.m,Spec_N.m,SpecHH_N.m,ExemptSpecialists,Occupation,Occupation2,Occupation2Status,Suffix,Suffix2,English,Spanish,Nahuatl,Sectors3,Sectors4,Sectors3b,Sectors4b,Subsector,Industry,GovtChurchDemand,SpanishDemand,NobleDemand,LuxuryDemand,UtilDemand,Variable,,,
1,OldFarm_T,Commoner,Total,Exempt,Elderly,Male,TRUE,ExemptFarmers,0,0,0,0,0,1,0,1,1,1,1,1,0,0,0,0,1,1,0,0,0,0,FALSE,Farmer,OldFarm,OldFarm_T,T,T,Elderly Men,Viejos,,Pri,Pri,Pri,Pri,AG,AG,FALSE,FALSE,FALSE,FALSE,TRUE,OldFarm_T,,,
2,OldFarm_F,Commoner,Free,Exempt,Elderly,Male,TRUE,ExemptFarmers,0,0,0,0,0,1,0,1,1,0,1,0,0,0,0,0,1,0,0,0,0,0,FALSE,Farmer,OldFarm,OldFarm_F,F,F,Elderly Men,Viejos,,Pri,Pri,Pri,Pri,AG,AG,FALSE,FALSE,FALSE,FALSE,TRUE,OldFarm_F,,,
3,OldFarm_R,Commoner,Renter,Exempt,Elderly,Male,TRUE,ExemptFarmers,0,0,0,0,0,1,0,1,1,0,1,0,0,0,0,0,1,0,0,0,0,0,FALSE,Farmer,OldFarm,OldFarm_R,R,R,Elderly Men,Viejos,,Pri,Pri,Pri,Pri,AG,AG,FALSE,FALSE,FALSE,FALSE,TRUE,OldFarm_R,,,
4,OldFarm_U,Commoner,Uncertain,Exempt,Elderly,Male,TRUE,ExemptFarmers,0,0,0,0,0,1,0,1,1,0,1,0,0,0,0,0,1,0,0,0,0,0,FALSE,Farmer,OldFarm,OldFarm_U,U,U,Elderly Men,Viejos,,Pri,Pri,Pri,Pri,AG,AG,FALSE,FALSE,FALSE,FALSE,TRUE,OldFarm_U,,,
5,Widower_T,Commoner,Total,Exempt,Widower,Male,TRUE,ExemptFarmers,0,0,0,0,0,1,0,1,1,1,1,1,0,0,0,0,1,1,0,0,0,0,FALSE,Farmer,WidowerFarm,WidowerFarm_T,T,T,Widowers,Viudos,,Pri,Pri,Pri,Pri,AG,AG,FALSE,FALSE,FALSE,FALSE,TRUE,Widower_T,,,
6,Widower_F,Commoner,Free,Exempt,Widower,Male,TRUE,ExemptFarmers,0,0,0,0,0,1,0,1,1,0,1,0,0,0,0,0,1,0,0,0,0,0,FALSE,Farmer,WidowerFarm,WidowerFarm_F,F,F,Widowers,Viudos,,Pri,Pri,Pri,Pri,AG,AG,FALSE,FALSE,FALSE,FALSE,TRUE,Widower_F,,,
7,Widower_R,Commoner,Renter,Exempt,Widower,Male,TRUE,ExemptFarmers,0,0,0,0,0,1,0,1,1,0,1,0,0,0,0,0,1,0,0,0,0,0,FALSE,Farmer,WidowerFarm,WidowerFarm_R,R,R,Widowers,Viudos,,Pri,Pri,Pri,Pri,AG,AG,FALSE,FALSE,FALSE,FALSE,TRUE,Widower_R,,,
8,Widower_U,Commoner,Uncertain,Exempt,Widower,Male,TRUE,ExemptFarmers,0,0,0,0,0,1,0,1,1,0,1,0,0,0,0,0,1,0,0,0,0,0,FALSE,Farmer,WidowerFarm,WidowerFarm_U,U,U,Widowers,Viudos,,Pri,Pri,Pri,Pri,AG,AG,FALSE,FALSE,FALSE,FALSE,TRUE,Widower_U,,,
9,Widow_T,Commoner,Total,Exempt,Widow,Female,TRUE,DemogExcl,0,0,0,0,0,1,0,1,1,1,1,1,0,0,0,0,1,1,0,0,0,0,FALSE,Widow,WidowFarm,WidowFarm_T,T,T,Widows,Viudas,,Pri,Pri,Pri,Pri,AG,AG,FALSE,FALSE,FALSE,FALSE,FALSE,Widow_T,,,
10,Widow_U,Commoner,Uncertain,Exempt,Widow,Female,TRUE,DemogExcl,0,0,0,0,0,1,0,1,1,0,1,0,0,0,0,0,1,0,0,0,0,0,FALSE,Widow,WidowFarm,WidowFarm_U,U,U,Widows,Viudas,,Pri,Pri,Pri,Pri,AG,AG,FALSE,FALSE,FALSE,FALSE,FALSE,Widow_U,,,
11,Sick_T,Commoner,Total,Exempt,Sick,Male,TRUE,DemogExcl,0,0,0,0,0,0,0,0,1,1,1,1,0,0,0,0,1,1,0,0,0,0,FALSE,Sick,Sick,Sick_T,T,T,Sick Blind Infirm Lame etc.,Enfermos ciegos mórbido cojos etc.,,,,,,,,FALSE,FALSE,FALSE,FALSE,FALSE,Sick_T,,,
12,Sick_U,Commoner,Uncertain,Exempt,Sick,Male,TRUE,DemogExcl,0,0,0,0,0,0,0,0,1,0,1,0,0,0,0,0,1,0,0,0,0,0,FALSE,Sick,Sick,Sick_U,U,U,Sick Blind Infirm Lame etc.,Enfermos ciegos mórbido cojos etc.,,,,,,,,FALSE,FALSE,FALSE,FALSE,FALSE,Sick_U,,,
13,Runaway_T,Commoner,Total,Exempt,Runaway,Male,TRUE,DeadRunaway,0,0,0,0,0,0,0,0,0,0,0,0,0,0,0,0,0,0,0,0,0,0,FALSE,Runaway,Runaway,Runaway_T,T,T,Runaways,Fugitivos,,,,,,,,FALSE,FALSE,FALSE,FALSE,FALSE,Runaway_T,,,
14,Runaway_U,Commoner,Uncertain,Exempt,Runaway,Male,TRUE,DeadRunaway,0,0,0,0,0,0,0,0,0,0,0,0,0,0,0,0,0,0,0,0,0,0,FALSE,Runaway,Runaway,Runaway_U,U,U,Runaways,Fugitivos,,,,,,,,FALSE,FALSE,FALSE,FALSE,FALSE,Runaway_U,,,
15,Dead_T,Commoner,Total,Exempt,Dead,Male,TRUE,DeadRunaway,0,0,0,0,0,0,0,0,0,0,0,0,0,0,0,0,0,0,0,0,0,0,FALSE,Dead,Dead,Dead_T,T,T,Recently Dead,Recientemente muertos,,,,,,,,FALSE,FALSE,FALSE,FALSE,FALSE,Dead_T,,,
16,Dead_U,Commoner,Uncertain,Exempt,Dead,Male,TRUE,DeadRunaway,0,0,0,0,0,0,0,0,0,0,0,0,0,0,0,0,0,0,0,0,0,0,FALSE,Dead,Dead,Dead_U,U,U,Recently Dead,Recientemente muertos,,,,,,,,FALSE,FALSE,FALSE,FALSE,FALSE,Dead_U,,,
17,SpTecutli_T,Noble,Total,Noble,HA,Male,TRUE,Nobles,0,0,1,0,1,0,1,1,1,1,0,0,1,1,0,0,0,0,0,0,1,1,FALSE,SpTecutli,SpTecutli,SpTecutli_T,T,T,Tecutli with Spanish Surname,Tecutli con apellido Español ,,Tert,Quat,Tert,Quat,Noble,Noble,TRUE,TRUE,TRUE,FALSE,FALSE,SpTecutli_T,,,
18,SpTecalliNob_T,Noble,Total,Noble,HA,Male,TRUE,Nobles,0,0,1,0,1,0,1,1,1,1,0,0,1,1,0,0,0,0,0,0,1,1,FALSE,SpTecalliNob,SpTecalliNob,SpTecalliNob_T,T,T,,,,Tert,Quat,TertSec,QuatSec,Noble,Noble,TRUE,FALSE,TRUE,FALSE,FALSE,SpTecalliNob_T,,,
19,SpTecalliFem_T,Noble,Total,Noble,FemaleNoble,Female,FALSE,DemogExcl,0,0,0,0,0,0,0,0,0,0,0,0,0,0,0,0,0,0,0,0,0,0,FALSE,SpTecalliFem,SpTecalliFem,SpTecalliFem_T,T,T,,,,,,,,,,FALSE,FALSE,FALSE,FALSE,FALSE,SpTecalliFem_T,,,
20,Tecutli_T,Noble,Total,Noble,HA,Male,TRUE,Nobles,0,0,1,0,1,0,1,1,1,1,0,0,1,1,0,0,0,0,0,0,1,1,FALSE,Tecutli,Tecutli,Tecutli_T,T,T,,,,Tert,Quat,Tert,Quat,Noble,Noble,TRUE,TRUE,TRUE,FALSE,FALSE,Tecutli_T,,,
21,TecalliNob_T,Noble,Total,Noble,HA,Male,TRUE,Nobles,0,0,1,0,1,0,1,1,1,1,0,0,1,1,0,0,0,0,0,0,1,1,FALSE,TecalliNob,TecalliNob,TecalliNob_T,T,T,,,,Tert,Quat,TertSec,QuatSec,Noble,Noble,TRUE,FALSE,TRUE,FALSE,FALSE,TecalliNob_T,,,
22,TecalliFem_T,Noble,Total,Noble,FemaleNoble,Female,FALSE,DemogExcl,0,0,0,0,0,0,0,0,0,0,0,0,0,0,0,0,0,0,0,0,0,0,FALSE,TecalliFem,TecalliFem,TecalliFem_T,T,T,,,,,,,,,,FALSE,FALSE,FALSE,FALSE,FALSE,TecalliFem_T,,,
23,SpPilcalliHead_T,Noble,Total,Noble,HA,Male,TRUE,Nobles,0,0,1,0,1,0,1,1,1,1,0,0,1,1,0,0,0,0,0,0,1,1,FALSE,SpPilcalliHead,SpPilcalliHead,SpPilcalliHead_T,T,T,Pilli head with Spanish Surname,Pilli mayor con apellido Español ,,Tert,Quat,Tert,Quat,Noble,Noble,TRUE,TRUE,TRUE,FALSE,FALSE,SpPilcalliHead_T,,,
24,SpPilcalliHeadFem_T,Noble,Total,Noble,FemaleNoble,Female,TRUE,Nobles,0,0,1,0,1,0,1,1,1,1,0,0,1,1,0,0,0,0,0,0,1,1,FALSE,SpPilcalliHeadFem,SpPilcalliHeadFem,SpPilcalliHeadFem_T,T,T,,,,Tert,Quat,Tert,Quat,Noble,Noble,TRUE,FALSE,TRUE,FALSE,FALSE,SpPilcalliHeadFem_T,,,
25,SpPilcalliNob_T,Noble,Total,Noble,HA,Male,TRUE,Nobles,0,0,1,0,1,0,1,1,1,1,0,0,1,1,0,0,0,0,0,0,1,1,FALSE,SpPilcalliNob,SpPilcalliNob,SpPilcalliNob_T,T,T,,,,Tert,Quat,TertSec,QuatSec,Noble,Noble,TRUE,FALSE,TRUE,FALSE,FALSE,SpPilcalliNob_T,,,
26,SpPilcalliFem_T,Noble,Total,Noble,FemaleNoble,Female,FALSE,DemogExcl,0,0,0,0,0,0,0,0,0,0,0,0,0,0,0,0,0,0,0,0,0,0,FALSE,SpPilcalliFem,SpPilcalliFem,SpPilcalliFem_T,T,T,,,,,,,,,,FALSE,FALSE,FALSE,FALSE,FALSE,SpPilcalliFem_T,,,
27,PilcalliHead_T,Noble,Total,Noble,HA,Male,TRUE,Nobles,0,0,1,0,1,0,1,1,1,1,0,0,1,1,0,0,0,0,0,0,1,1,FALSE,PilcalliHead,PilcalliHead,PilcalliHead_T,T,T,,,,Tert,Quat,Tert,Quat,Noble,Noble,TRUE,TRUE,TRUE,FALSE,FALSE,PilcalliHead_T,,,
28,PilcalliHeadFem_T,Noble,Total,Noble,FemaleNoble,Female,TRUE,Nobles,0,0,1,0,1,0,1,1,1,1,0,0,1,1,0,0,0,0,0,0,1,1,FALSE,PilcalliHeadFem,PilcalliHeadFem,PilcalliHeadFem_T,T,T,,,,Tert,Quat,Tert,Quat,Noble,Noble,TRUE,FALSE,TRUE,FALSE,FALSE,PilcalliHeadFem_T,,,
29,PilcalliNob_T,Noble,Total,Noble,HA,Male,TRUE,Nobles,0,0,1,0,1,0,1,1,1,1,0,0,1,1,0,0,0,0,0,0,1,1,FALSE,PilcalliNob,PilcalliNob,PilcalliNob_T,T,T,,,,Tert,Quat,TertSec,QuatSec,Noble,Noble,TRUE,FALSE,TRUE,FALSE,FALSE,PilcalliNob_T,,,
30,PilcalliFem_T,Noble,Total,Noble,FemaleNoble,Female,FALSE,DemogExcl,0,0,0,0,0,0,0,0,0,0,0,0,0,0,0,0,0,0,0,0,0,0,FALSE,PilcalliFem,PilcalliFem,PilcalliFem_T,T,T,,,,,,,,,,FALSE,FALSE,FALSE,FALSE,FALSE,PilcalliFem_T,,,
31,LocNob_T,Noble,Total,Noble,HA,Male,TRUE,Nobles,0,0,1,0,1,0,1,1,1,1,0,0,1,1,0,0,0,0,0,0,1,1,FALSE,LocNob,LocNob,LocNob_T,T,T,,,,Tert,Quat,TertSec,QuatSec,AdminPub,GovtServ,TRUE,FALSE,TRUE,FALSE,FALSE,LocNob_T,,,
32,LocNobFem_T,Noble,Total,Noble,FemaleNoble,Female,FALSE,DemogExcl,0,0,0,0,0,0,0,0,0,0,0,0,0,0,0,0,0,0,0,0,0,0,FALSE,LocNobFem,LocNobFem,LocNobFem_T,T,T,,,,,,,,,,TRUE,FALSE,TRUE,FALSE,FALSE,LocNobFem_T,,,
33,Amopipiltin_T,Noble,Total,Noble,HA,Male,TRUE,Nobles,0,0,1,0,1,0,1,1,1,1,0,0,1,1,0,0,0,0,0,0,1,1,FALSE,Amopipiltin,Amopipiltin,Amopipiltin_T,T,T,,,,Tert,Quat,TertSec,QuatSec,AdminPub,GovtServ,TRUE,FALSE,TRUE,FALSE,FALSE,Amopipiltin_T,,,
34,SpTecutli_N,Noble,Noble,Noble,HA,Male,TRUE,Nobles,0,0,1,0,1,0,1,1,1,0,0,0,1,0,0,0,0,0,0,0,1,0,FALSE,SpTecutli,SpTecutli,SpTecutli_N,N,N,Tecutli with Spanish Surname,Tecutli con apellido Español ,,Tert,Quat,Tert,Quat,Noble,Noble,TRUE,TRUE,TRUE,FALSE,FALSE,SpTecutli_N,,,
35,SpTecalliNob_N,Noble,Noble,Noble,HA,Male,TRUE,Nobles,0,0,1,0,1,0,1,1,1,0,0,0,1,0,0,0,0,0,0,0,1,0,FALSE,SpTecalliNob,SpTecalliNob,SpTecalliNob_N,N,N,,,,Tert,Quat,TertSec,QuatSec,Noble,Noble,TRUE,FALSE,TRUE,FALSE,FALSE,SpTecalliNob_N,,,
36,SpTecalliFem_N,Noble,Noble,Noble,FemaleNoble,Female,FALSE,DemogExcl,0,0,0,0,0,0,0,0,0,0,0,0,0,0,0,0,0,0,0,0,0,0,FALSE,SpTecalliFem,SpTecalliFem,SpTecalliFem_N,N,N,,,,,,,,,,FALSE,FALSE,FALSE,FALSE,FALSE,SpTecalliFem_N,,,
37,Tecutli_N,Noble,Noble,Noble,HA,Male,TRUE,Nobles,0,0,1,0,1,0,1,1,1,0,0,0,1,0,0,0,0,0,0,0,1,0,FALSE,Tecutli,Tecutli,Tecutli_N,N,N,,,,Tert,Quat,Tert,Quat,Noble,Noble,TRUE,TRUE,TRUE,FALSE,FALSE,Tecutli_N,,,
38,TecalliNob_N,Noble,Noble,Noble,HA,Male,TRUE,Nobles,0,0,1,0,1,0,1,1,1,0,0,0,1,0,0,0,0,0,0,0,1,0,FALSE,TecalliNob,TecalliNob,TecalliNob_N,N,N,,,,Tert,Quat,TertSec,QuatSec,Noble,Noble,TRUE,FALSE,TRUE,FALSE,FALSE,TecalliNob_N,,,
39,TecalliFem_N,Noble,Noble,Noble,FemaleNoble,Female,FALSE,DemogExcl,0,0,0,0,0,0,0,0,0,0,0,0,0,0,0,0,0,0,0,0,0,0,FALSE,TecalliFem,TecalliFem,TecalliFem_N,N,N,,,,,,,,,,FALSE,FALSE,FALSE,FALSE,FALSE,TecalliFem_N,,,
40,SpPilcalliHead_N,Noble,Noble,Noble,HA,Male,TRUE,Nobles,0,0,1,0,1,0,1,1,1,0,0,0,1,0,0,0,0,0,0,0,1,0,FALSE,SpPilcalliHead,SpPilcalliHead,SpPilcalliHead_N,N,N,Pilli head with Spanish Surname,Pilli mayor con apellido Español ,,Tert,Quat,Tert,Quat,Noble,Noble,TRUE,TRUE,TRUE,FALSE,FALSE,SpPilcalliHead_N,,,
41,SpPilcalliHeadFem_N,Noble,Noble,Noble,FemaleNoble,Female,TRUE,Nobles,0,0,1,0,1,0,1,1,1,0,0,0,1,0,0,0,0,0,0,0,1,0,FALSE,SpPilcalliHeadFem,SpPilcalliHeadFem,SpPilcalliHeadFem_N,N,N,,,,Tert,Quat,Tert,Quat,Noble,Noble,TRUE,FALSE,TRUE,FALSE,FALSE,SpPilcalliHeadFem_N,,,
42,SpPilcalliNob_N,Noble,Noble,Noble,HA,Male,TRUE,Nobles,0,0,1,0,1,0,1,1,1,0,0,0,1,0,0,0,0,0,0,0,1,0,FALSE,SpPilcalliNob,SpPilcalliNob,SpPilcalliNob_N,N,N,,,,Tert,Quat,TertSec,QuatSec,Noble,Noble,TRUE,FALSE,TRUE,FALSE,FALSE,SpPilcalliNob_N,,,
43,SpPilcalliFem_N,Noble,Noble,Noble,FemaleNoble,Female,FALSE,DemogExcl,0,0,0,0,0,0,0,0,0,0,0,0,0,0,0,0,0,0,0,0,0,0,FALSE,SpPilcalliFem,SpPilcalliFem,SpPilcalliFem_N,N,N,,,,,,,,,,FALSE,FALSE,FALSE,FALSE,FALSE,SpPilcalliFem_N,,,
44,PilcalliHead_N,Noble,Noble,Noble,HA,Male,TRUE,Nobles,0,0,1,0,1,0,1,1,1,0,0,0,1,0,0,0,0,0,0,0,1,0,FALSE,PilcalliHead,PilcalliHead,PilcalliHead_N,N,N,,,,Tert,Quat,Tert,Quat,Noble,Noble,TRUE,TRUE,TRUE,FALSE,FALSE,PilcalliHead_N,,,
45,PilcalliHeadFem_N,Noble,Noble,Noble,FemaleNoble,Female,TRUE,Nobles,0,0,1,0,1,0,1,1,1,0,0,0,1,0,0,0,0,0,0,0,1,0,FALSE,PilcalliHeadFem,PilcalliHeadFem,PilcalliHeadFem_N,N,N,,,,Tert,Quat,Tert,Quat,Noble,Noble,TRUE,FALSE,TRUE,FALSE,FALSE,PilcalliHeadFem_N,,,
46,PilcalliNob_N,Noble,Noble,Noble,HA,Male,TRUE,Nobles,0,0,1,0,1,0,1,1,1,0,0,0,1,0,0,0,0,0,0,0,1,0,FALSE,PilcalliNob,PilcalliNob,PilcalliNob_N,N,N,,,,Tert,Quat,TertSec,QuatSec,Noble,Noble,TRUE,FALSE,TRUE,FALSE,FALSE,PilcalliNob_N,,,
47,PilcalliFem_N,Noble,Noble,Noble,FemaleNoble,Female,FALSE,DemogExcl,0,0,0,0,0,0,0,0,0,0,0,0,0,0,0,0,0,0,0,0,0,0,FALSE,PilcalliFem,PilcalliFem,PilcalliFem_N,N,N,,,,,,,,,,FALSE,FALSE,FALSE,FALSE,FALSE,PilcalliFem_N,,,
48,LocNob_N,Noble,Noble,Noble,HA,Male,TRUE,Nobles,0,0,1,0,1,0,1,1,1,0,0,0,1,0,0,0,0,0,0,0,1,0,FALSE,LocNob,LocNob,LocNob_N,N,N,,,,Tert,Quat,TertSec,QuatSec,AdminPub,GovtServ,TRUE,FALSE,TRUE,FALSE,FALSE,LocNob_N,,,
49,LocNobFem_N,Noble,Noble,Noble,FemaleNoble,Female,FALSE,DemogExcl,0,0,0,0,0,0,0,0,0,0,0,0,0,0,0,0,0,0,0,0,0,0,FALSE,LocNobFem,LocNobFem,LocNobFem_N,N,N,,,,,,,,,,TRUE,FALSE,TRUE,FALSE,FALSE,LocNobFem_N,,,
50,Amopipiltin_N,Noble,Noble,Noble,HA,Male,TRUE,Nobles,0,0,1,0,1,0,1,1,1,0,0,0,1,0,0,0,0,0,0,0,1,0,FALSE,Amopipiltin,Amopipiltin,Amopipiltin_N,N,N,,,,Tert,Quat,TertSec,QuatSec,AdminPub,GovtServ,TRUE,FALSE,TRUE,FALSE,FALSE,Amopipiltin_N,,,
51,Farmer_T,Commoner,Total,Tributary,HA,Male,TRUE,Farmers,0,0,0,1,0,1,1,1,1,1,1,1,0,0,1,1,0,0,0,0,0,0,FALSE,Farmer,Farmer,Farmer_T,T,T,Farmer,Granjero,Tlalchiuhqui,Pri,Pri,Pri,Pri,AG,AG,FALSE,FALSE,FALSE,FALSE,TRUE,Farmer_T,,,
52,Farmer_F,Commoner,Free,Tributary,HA,Male,TRUE,Farmers,0,0,0,1,0,1,1,1,1,0,1,0,0,0,1,0,0,0,0,0,0,0,FALSE,Farmer,Farmer,Farmer_F,F,F,Farmer,Granjero,Tlalchiuhqui,Pri,Pri,Pri,Pri,AG,AG,FALSE,FALSE,FALSE,FALSE,TRUE,Farmer_F,,,
53,Farmer_R,Commoner,Renter,Tributary,HA,Male,TRUE,Farmers,0,0,0,1,0,1,1,1,1,0,1,0,0,0,1,0,0,0,0,0,0,0,FALSE,Farmer,Farmer,Farmer_R,R,R,Farmer,Granjero,Tlalchiuhqui,Pri,Pri,Pri,Pri,AG,AG,FALSE,FALSE,FALSE,FALSE,TRUE,Farmer_R,,,
54,Farmer_U,Commoner,Uncertain,Tributary,HA,Male,TRUE,Farmers,0,0,0,1,0,1,1,1,1,0,1,0,0,0,1,0,0,0,0,0,0,0,FALSE,Farmer,Farmer,Farmer_U,U,U,Farmer,Granjero,Tlalchiuhqui,Pri,Pri,Pri,Pri,AG,AG,FALSE,FALSE,FALSE,FALSE,TRUE,Farmer_U,,,
55,FieldHand_T,Commoner,Total,Tributary,HA,Male,TRUE,OccuSpec,1,1,1,1,1,1,1,1,1,1,1,1,0,0,1,1,0,0,1,1,1,1,FALSE,FieldHand,FieldHand,FieldHand_T,T,T,Field Hands,Gañanes,Quaquauhtlaxque / Tequaquauhtlylli / Tetlaylli / Xpianoy itech pohui,Pri,Pri,Pri,Pri,AG,AG,FALSE,TRUE,FALSE,FALSE,FALSE,FieldHand_T,,,
56,FieldHand_F,Commoner,Free,Tributary,HA,Male,TRUE,OccuSpec,1,1,1,1,1,1,1,1,1,0,1,0,0,0,1,0,0,0,1,0,1,0,FALSE,FieldHand,FieldHand,FieldHand_F,F,F,Field Hands,Gañanes,Quaquauhtlaxque / Tequaquauhtlylli / Tetlaylli / Xpianoy itech pohui,Pri,Pri,Pri,Pri,AG,AG,FALSE,TRUE,FALSE,FALSE,FALSE,FieldHand_F,,,
57,FieldHand_R,Commoner,Renter,Tributary,HA,Male,TRUE,OccuSpec,1,1,1,1,1,1,1,1,1,0,1,0,0,0,1,0,0,0,1,0,1,0,FALSE,FieldHand,FieldHand,FieldHand_R,R,R,Field Hands,Gañanes,Quaquauhtlaxque / Tequaquauhtlylli / Tetlaylli / Xpianoy itech pohui,Pri,Pri,Pri,Pri,AG,AG,FALSE,TRUE,FALSE,FALSE,FALSE,FieldHand_R,,,
58,FieldHand_U,Commoner,Uncertain,Tributary,HA,Male,TRUE,OccuSpec,1,1,1,1,1,1,1,1,1,0,1,0,0,0,1,0,0,0,1,0,1,0,FALSE,FieldHand,FieldHand,FieldHand_U,U,U,Field Hands,Gañanes,Quaquauhtlaxque / Tequaquauhtlylli / Tetlaylli / Xpianoy itech pohui,Pri,Pri,Pri,Pri,AG,AG,FALSE,TRUE,FALSE,FALSE,FALSE,FieldHand_U,,,
59,Cochinilla_T,Commoner,Total,Tributary,HA,Male,TRUE,OccuSpec,1,1,1,1,1,1,1,1,1,1,1,1,0,0,1,1,0,0,1,1,1,1,FALSE,Cochinilla,Cochinilla,Cochinilla_T,T,T,Cochinilla,Cochinilla,NA,Pri,Pri,Pri,Pri,AG,Horti,FALSE,TRUE,TRUE,FALSE,FALSE,Cochinilla_T,$20/carga,,
60,Cochinilla_F,Commoner,Free,Tributary,HA,Male,TRUE,OccuSpec,1,1,1,1,1,1,1,1,1,0,1,0,0,0,1,0,0,0,1,0,1,0,FALSE,Cochinilla,Cochinilla,Cochinilla_F,F,F,Cochinilla,Cochinilla,NA,Pri,Pri,Pri,Pri,AG,Horti,FALSE,TRUE,TRUE,FALSE,FALSE,Cochinilla_F,$20/carga,,
61,Cochinilla_R,Commoner,Renter,Tributary,HA,Male,TRUE,OccuSpec,1,1,1,1,1,1,1,1,1,0,1,0,0,0,1,0,0,0,1,0,1,0,FALSE,Cochinilla,Cochinilla,Cochinilla_R,R,R,Cochinilla,Cochinilla,NA,Pri,Pri,Pri,Pri,AG,Horti,FALSE,TRUE,TRUE,FALSE,FALSE,Cochinilla_R,$20/carga,,
62,Cochinilla_U,Commoner,Uncertain,Tributary,HA,Male,TRUE,OccuSpec,1,1,1,1,1,1,1,1,1,0,1,0,0,0,1,0,0,0,1,0,1,0,FALSE,Cochinilla,Cochinilla,Cochinilla_U,U,U,Cochinilla,Cochinilla,NA,Pri,Pri,Pri,Pri,AG,Horti,FALSE,TRUE,TRUE,FALSE,FALSE,Cochinilla_U,$20/carga,,
63,Bird_T,Commoner,Total,Tributary,HA,Male,TRUE,OccuSpec,1,1,1,1,1,1,1,1,1,1,1,1,0,0,1,1,0,0,1,1,1,1,FALSE,Bird,Bird,Bird_T,T,T,Bird Catchers,Cazadores de codornices,Tzollanque,Pri,Pri,Pri,Pri,Extract,HuntColl,FALSE,FALSE,TRUE,FALSE,FALSE,Bird_T,,,
64,Bird_F,Commoner,Free,Tributary,HA,Male,TRUE,OccuSpec,1,1,1,1,1,1,1,1,1,0,1,0,0,0,1,0,0,0,1,0,1,0,FALSE,Bird,Bird,Bird_F,F,F,Bird Catchers,Cazadores de codornices,Tzollanque,Pri,Pri,Pri,Pri,Extract,HuntColl,FALSE,FALSE,TRUE,FALSE,FALSE,Bird_F,,,
65,Bird_R,Commoner,Renter,Tributary,HA,Male,TRUE,OccuSpec,1,1,1,1,1,1,1,1,1,0,1,0,0,0,1,0,0,0,1,0,1,0,FALSE,Bird,Bird,Bird_R,R,R,Bird Catchers,Cazadores de codornices,Tzollanque,Pri,Pri,Pri,Pri,Extract,HuntColl,FALSE,FALSE,TRUE,FALSE,FALSE,Bird_R,,,
66,Bird_U,Commoner,Uncertain,Tributary,HA,Male,TRUE,OccuSpec,1,1,1,1,1,1,1,1,1,0,1,0,0,0,1,0,0,0,1,0,1,0,FALSE,Bird,Bird,Bird_U,U,U,Bird Catchers,Cazadores de codornices,Tzollanque,Pri,Pri,Pri,Pri,Extract,HuntColl,FALSE,FALSE,TRUE,FALSE,FALSE,Bird_U,,,
67,Hunter_T,Commoner,Total,Tributary,HA,Male,TRUE,OccuSpec,1,1,1,1,1,1,1,1,1,1,1,1,0,0,1,1,0,0,1,1,1,1,FALSE,Hunter,Hunter,Hunter_T,T,T,Hunters (Unspecified),Cazadores (no especificados),Anque,Pri,Pri,Pri,Pri,Extract,HuntColl,FALSE,FALSE,TRUE,TRUE,FALSE,Hunter_T,,,
68,Hunter_F,Commoner,Free,Tributary,HA,Male,TRUE,OccuSpec,1,1,1,1,1,1,1,1,1,0,1,0,0,0,1,0,0,0,1,0,1,0,FALSE,Hunter,Hunter,Hunter_F,F,F,Hunters (Unspecified),Cazadores (no especificados),Anque,Pri,Pri,Pri,Pri,Extract,HuntColl,FALSE,FALSE,TRUE,TRUE,FALSE,Hunter_F,,,
69,Hunter_R,Commoner,Renter,Tributary,HA,Male,TRUE,OccuSpec,1,1,1,1,1,1,1,1,1,0,1,0,0,0,1,0,0,0,1,0,1,0,FALSE,Hunter,Hunter,Hunter_R,R,R,Hunters (Unspecified),Cazadores (no especificados),Anque,Pri,Pri,Pri,Pri,Extract,HuntColl,FALSE,FALSE,TRUE,TRUE,FALSE,Hunter_R,,,
70,Hunter_U,Commoner,Uncertain,Tributary,HA,Male,TRUE,OccuSpec,1,1,1,1,1,1,1,1,1,0,1,0,0,0,1,0,0,0,1,0,1,0,FALSE,Hunter,Hunter,Hunter_U,U,U,Hunters (Unspecified),Cazadores (no especificados),Anque,Pri,Pri,Pri,Pri,Extract,HuntColl,FALSE,FALSE,TRUE,TRUE,FALSE,Hunter_U,,,
71,Honey_T,Commoner,Total,Tributary,HA,Male,TRUE,OccuSpec,1,1,1,1,1,1,1,1,1,1,1,1,0,0,1,1,0,0,1,1,1,1,FALSE,Honey,Honey,Honey_T,T,T,Honey Gatherers,Recolectores de miel,Cuauhnequanque,Pri,Pri,Pri,Pri,Extract,HuntColl,FALSE,FALSE,TRUE,TRUE,FALSE,Honey_T,$3-8/carga,,
72,Honey_F,Commoner,Free,Tributary,HA,Male,TRUE,OccuSpec,1,1,1,1,1,1,1,1,1,0,1,0,0,0,1,0,0,0,1,0,1,0,FALSE,Honey,Honey,Honey_T,T,T,Honey Gatherers,Recolectores de miel,Cuauhnequanque,Pri,Pri,Pri,Pri,Extract,HuntColl,FALSE,FALSE,TRUE,TRUE,FALSE,Honey_F,$3-8/carga,,
73,Honey_R,Commoner,Renter,Tributary,HA,Male,TRUE,OccuSpec,1,1,1,1,1,1,1,1,1,0,1,0,0,0,1,0,0,0,1,0,1,0,FALSE,Honey,Honey,Honey_T,T,T,Honey Gatherers,Recolectores de miel,Cuauhnequanque,Pri,Pri,Pri,Pri,Extract,HuntColl,FALSE,FALSE,TRUE,TRUE,FALSE,Honey_R,$3-8/carga,,
74,Honey_U,Commoner,Uncertain,Tributary,HA,Male,TRUE,OccuSpec,1,1,1,1,1,1,1,1,1,0,1,0,0,0,1,0,0,0,1,0,1,0,FALSE,Honey,Honey,Honey_T,T,T,Honey Gatherers,Recolectores de miel,Cuauhnequanque,Pri,Pri,Pri,Pri,Extract,HuntColl,FALSE,FALSE,TRUE,TRUE,FALSE,Honey_U,$3-8/carga,,
75,PineResin_T,Commoner,Total,Tributary,HA,Male,TRUE,OccuSpec,1,1,1,1,1,1,1,1,1,1,1,1,0,0,1,1,0,0,1,1,1,1,FALSE,PineResin,PineResin,PineResin_T,T,T,Pine Resin Extractors,Recolectores de resina de pino,Ocotzotlazque,Pri,Pri,Pri,Pri,Extract,Forestry,FALSE,FALSE,TRUE,TRUE,FALSE,PineResin_T,$1/carga;  $0.125/loaf,,
76,PineResin_F,Commoner,Free,Tributary,HA,Male,TRUE,OccuSpec,1,1,1,1,1,1,1,1,1,0,1,0,0,0,1,0,0,0,1,0,1,0,FALSE,PineResin,PineResin,PineResin_F,F,F,Pine Resin Extractors,Recolectores de resina de pino,Ocotzotlazque,Pri,Pri,Pri,Pri,Extract,Forestry,FALSE,FALSE,TRUE,TRUE,FALSE,PineResin_F,$1/carga;  $0.125/loaf,,
77,PineResin_R,Commoner,Renter,Tributary,HA,Male,TRUE,OccuSpec,1,1,1,1,1,1,1,1,1,0,1,0,0,0,1,0,0,0,1,0,1,0,FALSE,PineResin,PineResin,PineResin_R,R,R,Pine Resin Extractors,Recolectores de resina de pino,Ocotzotlazque,Pri,Pri,Pri,Pri,Extract,Forestry,FALSE,FALSE,TRUE,TRUE,FALSE,PineResin_R,$1/carga;  $0.125/loaf,,
78,PineResin_U,Commoner,Uncertain,Tributary,HA,Male,TRUE,OccuSpec,1,1,1,1,1,1,1,1,1,0,1,0,0,0,1,0,0,0,1,0,1,0,FALSE,PineResin,PineResin,PineResin_U,U,U,Pine Resin Extractors,Recolectores de resina de pino,Ocotzotlazque,Pri,Pri,Pri,Pri,Extract,Forestry,FALSE,FALSE,TRUE,TRUE,FALSE,PineResin_U,$1/carga;  $0.125/loaf,,
79,Fish_T,Commoner,Total,Tributary,HA,Male,TRUE,OccuSpec,1,1,1,1,1,1,1,1,1,1,1,1,0,0,1,1,0,0,1,1,1,1,FALSE,Fish,Fish,Fish_T,T,T,Fishermen,Pescadores,Michanqui / Michmani / Tlatlama,Pri,Pri,Pri,Pri,Extract,Fishing,FALSE,FALSE,TRUE,TRUE,FALSE,Fish_T,$3-5/carga,,
80,Fish_F,Commoner,Free,Tributary,HA,Male,TRUE,OccuSpec,1,1,1,1,1,1,1,1,1,0,1,0,0,0,1,0,0,0,1,0,1,0,FALSE,Fish,Fish,Fish_F,F,F,Fishermen,Pescadores,Michanqui / Michmani / Tlatlama,Pri,Pri,Pri,Pri,Extract,Fishing,FALSE,FALSE,TRUE,TRUE,FALSE,Fish_F,$3-5/carga,,
81,Fish_R,Commoner,Renter,Tributary,HA,Male,TRUE,OccuSpec,1,1,1,1,1,1,1,1,1,0,1,0,0,0,1,0,0,0,1,0,1,0,FALSE,Fish,Fish,Fish_R,R,R,Fishermen,Pescadores,Michanqui / Michmani / Tlatlama,Pri,Pri,Pri,Pri,Extract,Fishing,FALSE,FALSE,TRUE,TRUE,FALSE,Fish_R,$3-5/carga,,
82,Fish_U,Commoner,Uncertain,Tributary,HA,Male,TRUE,OccuSpec,1,1,1,1,1,1,1,1,1,0,1,0,0,0,1,0,0,0,1,0,1,0,FALSE,Fish,Fish,Fish_U,U,U,Fishermen,Pescadores,Michanqui / Michmani / Tlatlama,Pri,Pri,Pri,Pri,Extract,Fishing,FALSE,FALSE,TRUE,TRUE,FALSE,Fish_U,$3-5/carga,,
83,PineTorch_T,Commoner,Total,Tributary,HA,Male,TRUE,OccuSpec,1,1,1,1,1,1,1,1,1,1,1,1,0,0,1,1,0,0,1,1,1,1,FALSE,PineTorch,PineTorch,PineTorch_T,T,T,Pine Torch Cutters,Cortadores de antorchas de pino,Ocotlapanque,Pri,Pri,Pri,Pri,Extract,Forestry,FALSE,FALSE,TRUE,TRUE,FALSE,PineTorch_T,,,
84,PineTorch_F,Commoner,Free,Tributary,HA,Male,TRUE,OccuSpec,1,1,1,1,1,1,1,1,1,0,1,0,0,0,1,0,0,0,1,0,1,0,FALSE,PineTorch,PineTorch,PineTorch_F,F,F,Pine Torch Cutters,Cortadores de antorchas de pino,Ocotlapanque,Pri,Pri,Pri,Pri,Extract,Forestry,FALSE,FALSE,TRUE,TRUE,FALSE,PineTorch_F,,,
85,PineTorch_R,Commoner,Renter,Tributary,HA,Male,TRUE,OccuSpec,1,1,1,1,1,1,1,1,1,0,1,0,0,0,1,0,0,0,1,0,1,0,FALSE,PineTorch,PineTorch,PineTorch_R,R,R,Pine Torch Cutters,Cortadores de antorchas de pino,Ocotlapanque,Pri,Pri,Pri,Pri,Extract,Forestry,FALSE,FALSE,TRUE,TRUE,FALSE,PineTorch_R,,,
86,PineTorch_U,Commoner,Uncertain,Tributary,HA,Male,TRUE,OccuSpec,1,1,1,1,1,1,1,1,1,0,1,0,0,0,1,0,0,0,1,0,1,0,FALSE,PineTorch,PineTorch,PineTorch_U,U,U,Pine Torch Cutters,Cortadores de antorchas de pino,Ocotlapanque,Pri,Pri,Pri,Pri,Extract,Forestry,FALSE,FALSE,TRUE,TRUE,FALSE,PineTorch_U,,,
87,Flower_T,Commoner,Total,Tributary,HA,Male,TRUE,OccuSpec,1,1,1,1,1,1,1,1,1,1,1,1,0,0,1,1,0,0,1,1,1,1,FALSE,Flower,Flower,Flower_T,T,T,Florists (fresh),Floristas de flores frescas,Celicxochichiuhque / Xochimanque,Pri,Pri,Pri,Pri,Extract,Horti,FALSE,FALSE,TRUE,TRUE,FALSE,Flower_T,,,
88,Flower_F,Commoner,Free,Tributary,HA,Male,TRUE,OccuSpec,1,1,1,1,1,1,1,1,1,0,1,0,0,0,1,0,0,0,1,0,1,0,FALSE,Flower,Flower,Flower_F,F,F,Florists (fresh),Floristas de flores frescas,Celicxochichiuhque / Xochimanque,Pri,Pri,Pri,Pri,Extract,Horti,FALSE,FALSE,TRUE,TRUE,FALSE,Flower_F,,,
89,Flower_R,Commoner,Renter,Tributary,HA,Male,TRUE,OccuSpec,1,1,1,1,1,1,1,1,1,0,1,0,0,0,1,0,0,0,1,0,1,0,FALSE,Flower,Flower,Flower_R,R,R,Florists (fresh),Floristas de flores frescas,Celicxochichiuhque / Xochimanque,Pri,Pri,Pri,Pri,Extract,Horti,FALSE,FALSE,TRUE,TRUE,FALSE,Flower_R,,,
90,Flower_U,Commoner,Uncertain,Tributary,HA,Male,TRUE,OccuSpec,1,1,1,1,1,1,1,1,1,0,1,0,0,0,1,0,0,0,1,0,1,0,FALSE,Flower,Flower,Flower_U,U,U,Florists (fresh),Floristas de flores frescas,Celicxochichiuhque / Xochimanque,Pri,Pri,Pri,Pri,Extract,Horti,FALSE,FALSE,TRUE,TRUE,FALSE,Flower_U,,,
91,DryFlower_T,Commoner,Total,Tributary,HA,Male,TRUE,OccuSpec,1,1,1,1,1,1,1,1,1,1,1,1,0,0,1,1,0,0,1,1,1,1,FALSE,DryFlower,DryFlower,DryFlower_T,T,T,Florists (dried),Floristas de flores secas,Vaquixochiciuhque / Huacaxochichiuhque ,Sec,Sec,Sec,Sec,LightInd,PrestCraft,FALSE,FALSE,TRUE,FALSE,FALSE,DryFlower_T,,,
92,DryFlower_F,Commoner,Free,Tributary,HA,Male,TRUE,OccuSpec,1,1,1,1,1,1,1,1,1,0,1,0,0,0,1,0,0,0,1,0,1,0,FALSE,DryFlower,DryFlower,DryFlower_F,F,F,Florists (dried),Floristas de flores secas,Vaquixochiciuhque / Huacaxochichiuhque ,Sec,Sec,Sec,Sec,LightInd,PrestCraft,FALSE,FALSE,TRUE,FALSE,FALSE,DryFlower_F,,,
93,DryFlower_R,Commoner,Renter,Tributary,HA,Male,TRUE,OccuSpec,1,1,1,1,1,1,1,1,1,0,1,0,0,0,1,0,0,0,1,0,1,0,FALSE,DryFlower,DryFlower,DryFlower_R,R,R,Florists (dried),Floristas de flores secas,Vaquixochiciuhque / Huacaxochichiuhque ,Sec,Sec,Sec,Sec,LightInd,PrestCraft,FALSE,FALSE,TRUE,FALSE,FALSE,DryFlower_R,,,
94,DryFlower_U,Commoner,Uncertain,Tributary,HA,Male,TRUE,OccuSpec,1,1,1,1,1,1,1,1,1,0,1,0,0,0,1,0,0,0,1,0,1,0,FALSE,DryFlower,DryFlower,DryFlower_U,U,U,Florists (dried),Floristas de flores secas,Vaquixochiciuhque / Huacaxochichiuhque ,Sec,Sec,Sec,Sec,LightInd,PrestCraft,FALSE,FALSE,TRUE,FALSE,FALSE,DryFlower_U,,,
95,Wood_T,Commoner,Total,Tributary,HA,Male,TRUE,OccuSpec,1,1,1,1,1,1,1,1,1,1,1,1,0,0,1,0,0,0,1,1,1,1,FALSE,Wood,Wood,Wood_T,T,T,Carpenters,Carpinteros,Tlaxinque,Sec,Sec,SecPri,SecPri,HeavyInd,BuildMat,TRUE,TRUE,FALSE,FALSE,TRUE,Wood_T,$0.125/carga,a 2 braza beam = $0.25 (2r) = 46kg = 2 cargas (23kg each),
96,Wood_F,Commoner,Free,Tributary,HA,Male,TRUE,OccuSpec,1,1,1,1,1,1,1,1,1,0,1,0,0,0,1,1,0,0,1,0,1,0,FALSE,Wood,Wood,Wood_F,F,F,Carpenters,Carpinteros,Tlaxinque,Sec,Sec,SecPri,SecPri,HeavyInd,BuildMat,TRUE,TRUE,FALSE,FALSE,TRUE,Wood_F,$0.125/carga,a 2 braza beam = $0.25 (2r) = 46kg = 2 cargas (23kg each),
97,Wood_R,Commoner,Renter,Tributary,HA,Male,TRUE,OccuSpec,1,1,1,1,1,1,1,1,1,0,1,0,0,0,1,1,0,0,1,0,1,0,FALSE,Wood,Wood,Wood_R,R,R,Carpenters,Carpinteros,Tlaxinque,Sec,Sec,SecPri,SecPri,HeavyInd,BuildMat,TRUE,TRUE,FALSE,FALSE,TRUE,Wood_R,$0.125/carga,a 2 braza beam = $0.25 (2r) = 46kg = 2 cargas (23kg each),
98,Wood_U,Commoner,Uncertain,Tributary,HA,Male,TRUE,OccuSpec,1,1,1,1,1,1,1,1,1,0,1,0,0,0,1,1,0,0,1,0,1,0,FALSE,Wood,Wood,Wood_U,U,U,Carpenters,Carpinteros,Tlaxinque,Sec,Sec,SecPri,SecPri,HeavyInd,BuildMat,TRUE,TRUE,FALSE,FALSE,TRUE,Wood_U,$0.125/carga,a 2 braza beam = $0.25 (2r) = 46kg = 2 cargas (23kg each),
99,Wood_OR,Commoner,Renter,Exempt,Elderly,Male,TRUE,ExemptSpec,0,1,0,0,1,1,0,1,1,0,1,0,0,0,0,0,1,1,1,0,1,0,TRUE,Wood,Wood,Wood_OR,OR,R,Carpenters,Carpinteros,Tlaxinque,Sec,Sec,SecPri,SecPri,HeavyInd,BuildMat,TRUE,TRUE,FALSE,FALSE,TRUE,Wood_OR,$0.125/carga,a 2 braza beam = $0.25 (2r) = 46kg = 2 cargas (23kg each),
100,Stone_T,Commoner,Total,Tributary,HA,Male,TRUE,OccuSpec,1,1,1,1,1,1,1,1,1,1,1,1,0,0,1,1,0,0,1,1,1,1,FALSE,Stone,Stone,Stone_T,T,T,Quarriers / Stonecutters,Canteros / Picapedreros,Tetlapanque / Tetzotzoque,Sec,Sec,SecPri,SecPri,HeavyInd,BuildMat,TRUE,TRUE,FALSE,FALSE,FALSE,Stone_T,$0.125-0.175/carga,a 1 braza stone block = $9-12; weighs 1630kg --> $0.125-0.175/carga ,
101,Stone_F,Commoner,Free,Tributary,HA,Male,TRUE,OccuSpec,1,1,1,1,1,1,1,1,1,0,1,0,0,0,1,0,0,0,1,0,1,0,FALSE,Stone,Stone,Stone_F,F,F,Quarriers / Stonecutters,Canteros / Picapedreros,Tetlapanque / Tetzotzoque,Sec,Sec,SecPri,SecPri,HeavyInd,BuildMat,TRUE,TRUE,FALSE,FALSE,FALSE,Stone_F,$0.125-0.175/carga,a 1 braza stone block = $9-12; weighs 1630kg --> $0.125-0.175/carga ,
102,Stone_R,Commoner,Renter,Tributary,HA,Male,TRUE,OccuSpec,1,1,1,1,1,1,1,1,1,0,1,0,0,0,1,0,0,0,1,0,1,0,FALSE,Stone,Stone,Stone_R,R,R,Quarriers / Stonecutters,Canteros / Picapedreros,Tetlapanque / Tetzotzoque,Sec,Sec,SecPri,SecPri,HeavyInd,BuildMat,TRUE,TRUE,FALSE,FALSE,FALSE,Stone_R,$0.125-0.175/carga,a 1 braza stone block = $9-12; weighs 1630kg --> $0.125-0.175/carga ,
103,Stone_U,Commoner,Uncertain,Tributary,HA,Male,TRUE,OccuSpec,1,1,1,1,1,1,1,1,1,0,1,0,0,0,1,0,0,0,1,0,1,0,FALSE,Stone,Stone,Stone_U,U,U,Quarriers / Stonecutters,Canteros / Picapedreros,Tetlapanque / Tetzotzoque,Sec,Sec,SecPri,SecPri,HeavyInd,BuildMat,TRUE,TRUE,FALSE,FALSE,FALSE,Stone_U,$0.125-0.175/carga,a 1 braza stone block = $9-12; weighs 1630kg --> $0.125-0.175/carga ,
104,Mason_T,Commoner,Total,Tributary,HA,Male,TRUE,OccuSpec,1,1,1,1,1,1,1,1,1,1,1,1,0,0,1,0,0,0,1,1,1,1,FALSE,Mason,Mason,Mason_T,T,T,Stonemasons,Albañiles,Texinque,Sec,Sec,Sec,Sec,HeavyInd,Construct,TRUE,TRUE,FALSE,FALSE,FALSE,Mason_T,,,
105,Mason_F,Commoner,Free,Tributary,HA,Male,TRUE,OccuSpec,1,1,1,1,1,1,1,1,1,0,1,0,0,0,1,1,0,0,1,0,1,0,FALSE,Mason,Mason,Mason_F,F,F,Stonemasons,Albañiles,Texinque,Sec,Sec,Sec,Sec,HeavyInd,Construct,TRUE,TRUE,FALSE,FALSE,FALSE,Mason_F,,,
106,Mason_R,Commoner,Renter,Tributary,HA,Male,TRUE,OccuSpec,1,1,1,1,1,1,1,1,1,0,1,0,0,0,1,1,0,0,1,0,1,0,FALSE,Mason,Mason,Mason_R,R,R,Stonemasons,Albañiles,Texinque,Sec,Sec,Sec,Sec,HeavyInd,Construct,TRUE,TRUE,FALSE,FALSE,FALSE,Mason_R,,,
107,Mason_U,Commoner,Uncertain,Tributary,HA,Male,TRUE,OccuSpec,1,1,1,1,1,1,1,1,1,0,1,0,0,0,1,1,0,0,1,0,1,0,FALSE,Mason,Mason,Mason_U,U,U,Stonemasons,Albañiles,Texinque,Sec,Sec,Sec,Sec,HeavyInd,Construct,TRUE,TRUE,FALSE,FALSE,FALSE,Mason_U,,,
108,Mason_OR,Commoner,Renter,Exempt,Elderly,Male,TRUE,ExemptSpec,0,1,0,0,1,1,0,1,1,0,1,0,0,0,0,0,1,1,1,0,1,0,TRUE,Mason,Mason,Mason_OR,OR,R,Stonemasons,Albañiles,Texinque,Sec,Sec,Sec,Sec,HeavyInd,Construct,TRUE,TRUE,FALSE,FALSE,FALSE,Mason_OR,,,
109,Lime_T,Commoner,Total,Tributary,HA,Male,TRUE,OccuSpec,1,1,1,1,1,1,1,1,1,1,1,1,0,0,1,1,0,0,1,1,1,1,FALSE,Lime,Lime,Lime_T,T,T,Lime Burners,Caleros,Tenextlatque,Sec,Sec,SecPri,SecPri,HeavyInd,BuildMat,TRUE,TRUE,FALSE,FALSE,FALSE,Lime_T,$0.07-0.16/carga,,
110,Lime_F,Commoner,Free,Tributary,HA,Male,TRUE,OccuSpec,1,1,1,1,1,1,1,1,1,0,1,0,0,0,1,0,0,0,1,0,1,0,FALSE,Lime,Lime,Lime_F,F,F,Lime Burners,Caleros,Tenextlatque,Sec,Sec,SecPri,SecPri,HeavyInd,BuildMat,TRUE,TRUE,FALSE,FALSE,FALSE,Lime_F,$0.07-0.16/carga,,
111,Lime_R,Commoner,Renter,Tributary,HA,Male,TRUE,OccuSpec,1,1,1,1,1,1,1,1,1,0,1,0,0,0,1,0,0,0,1,0,1,0,FALSE,Lime,Lime,Lime_R,R,R,Lime Burners,Caleros,Tenextlatque,Sec,Sec,SecPri,SecPri,HeavyInd,BuildMat,TRUE,TRUE,FALSE,FALSE,FALSE,Lime_R,$0.07-0.16/carga,,
112,Lime_U,Commoner,Uncertain,Tributary,HA,Male,TRUE,OccuSpec,1,1,1,1,1,1,1,1,1,0,1,0,0,0,1,0,0,0,1,0,1,0,FALSE,Lime,Lime,Lime_U,U,U,Lime Burners,Caleros,Tenextlatque,Sec,Sec,SecPri,SecPri,HeavyInd,BuildMat,TRUE,TRUE,FALSE,FALSE,FALSE,Lime_U,$0.07-0.16/carga,,
113,Tobacco_T,Commoner,Total,Tributary,HA,Male,TRUE,OccuSpec,1,1,1,1,1,1,1,1,1,1,1,1,0,0,1,1,0,0,1,1,1,1,FALSE,Tobacco,Tobacco,Tobacco_T,T,T,Tobacco Tube Makers,Fabricantes de cañas de tabaco,Acayechiuhque / Tlapepecho,Sec,Sec,Sec,Sec,LightInd,LuxCraft,FALSE,FALSE,TRUE,TRUE,FALSE,Tobacco_T,,,
114,Tobacco_F,Commoner,Free,Tributary,HA,Male,TRUE,OccuSpec,1,1,1,1,1,1,1,1,1,0,1,0,0,0,1,0,0,0,1,0,1,0,FALSE,Tobacco,Tobacco,Tobacco_F,F,F,Tobacco Tube Makers,Fabricantes de cañas de tabaco,Acayechiuhque / Tlapepecho,Sec,Sec,Sec,Sec,LightInd,LuxCraft,FALSE,FALSE,TRUE,TRUE,FALSE,Tobacco_F,,,
115,Tobacco_R,Commoner,Renter,Tributary,HA,Male,TRUE,OccuSpec,1,1,1,1,1,1,1,1,1,0,1,0,0,0,1,0,0,0,1,0,1,0,FALSE,Tobacco,Tobacco,Tobacco_R,R,R,Tobacco Tube Makers,Fabricantes de cañas de tabaco,Acayechiuhque / Tlapepecho,Sec,Sec,Sec,Sec,LightInd,LuxCraft,FALSE,FALSE,TRUE,TRUE,FALSE,Tobacco_R,,,
116,Tobacco_U,Commoner,Uncertain,Tributary,HA,Male,TRUE,OccuSpec,1,1,1,1,1,1,1,1,1,0,1,0,0,0,1,0,0,0,1,0,1,0,FALSE,Tobacco,Tobacco,Tobacco_U,U,U,Tobacco Tube Makers,Fabricantes de cañas de tabaco,Acayechiuhque / Tlapepecho,Sec,Sec,Sec,Sec,LightInd,LuxCraft,FALSE,FALSE,TRUE,TRUE,FALSE,Tobacco_U,,,
117,Mat_T,Commoner,Total,Tributary,HA,Male,TRUE,OccuSpec,1,1,1,1,1,1,1,1,1,1,1,1,0,0,1,0,0,0,1,1,1,1,FALSE,Mat,Mat,Mat_T,T,T,Mat Makers,Petateros,Petlachiuhque,Sec,Sec,Sec,Sec,LightInd,UtilCraft,TRUE,FALSE,FALSE,FALSE,TRUE,Mat_T,$0.4-0.65/carga,"1 petate is about 5lbs = 2.25 kg per petate, at $0.04-0.0625 per petate --> 10 per carga = $0.4-0.625/carga",3-7 hrs per petate
118,Mat_F,Commoner,Free,Tributary,HA,Male,TRUE,OccuSpec,1,1,1,1,1,1,1,1,1,0,1,0,0,0,1,1,0,0,1,0,1,0,FALSE,Mat,Mat,Mat_F,F,F,Mat Makers,Petateros,Petlachiuhque,Sec,Sec,Sec,Sec,LightInd,UtilCraft,TRUE,FALSE,FALSE,FALSE,TRUE,Mat_F,$0.4-0.65/carga,"1 petate is about 5lbs = 2.25 kg per petate, at $0.04-0.0625 per petate --> 10 per carga = $0.4-0.625/carga",3-7 hrs per petate
119,Mat_R,Commoner,Renter,Tributary,HA,Male,TRUE,OccuSpec,1,1,1,1,1,1,1,1,1,0,1,0,0,0,1,1,0,0,1,0,1,0,FALSE,Mat,Mat,Mat_R,R,R,Mat Makers,Petateros,Petlachiuhque,Sec,Sec,Sec,Sec,LightInd,UtilCraft,TRUE,FALSE,FALSE,FALSE,TRUE,Mat_R,$0.4-0.65/carga,"1 petate is about 5lbs = 2.25 kg per petate, at $0.04-0.0625 per petate --> 10 per carga = $0.4-0.625/carga",3-7 hrs per petate
120,Mat_U,Commoner,Uncertain,Tributary,HA,Male,TRUE,OccuSpec,1,1,1,1,1,1,1,1,1,0,1,0,0,0,1,1,0,0,1,0,1,0,FALSE,Mat,Mat,Mat_U,U,U,Mat Makers,Petateros,Petlachiuhque,Sec,Sec,Sec,Sec,LightInd,UtilCraft,TRUE,FALSE,FALSE,FALSE,TRUE,Mat_U,$0.4-0.65/carga,"1 petate is about 5lbs = 2.25 kg per petate, at $0.04-0.0625 per petate --> 10 per carga = $0.4-0.625/carga",3-7 hrs per petate
121,Mat_OF,Commoner,Free,Exempt,Elderly,Male,TRUE,ExemptSpec,0,1,0,0,1,1,0,1,1,0,1,0,0,0,0,0,1,1,1,0,1,0,TRUE,Mat,Mat,Mat_OF,OF,F,Mat Makers,Petateros,Petlachiuhque,Sec,Sec,Sec,Sec,LightInd,UtilCraft,TRUE,FALSE,FALSE,FALSE,TRUE,Mat_OF,$0.4-0.65/carga,"1 petate is about 5lbs = 2.25 kg per petate, at $0.04-0.0625 per petate --> 10 per carga = $0.4-0.625/carga",3-7 hrs per petate
122,Basket_T,Commoner,Total,Tributary,HA,Male,TRUE,OccuSpec,1,1,1,1,1,1,1,1,1,1,1,1,0,0,1,0,0,0,1,1,1,1,FALSE,Basket,Basket,Basket_T,T,T,Basketmakers,Cesteros,Chiquiuhchiuhque / Otlachiquiciuhque,Sec,Sec,Sec,Sec,LightInd,UtilCraft,FALSE,FALSE,FALSE,FALSE,TRUE,Basket_T,,,1-2 days per basket
123,Basket_F,Commoner,Free,Tributary,HA,Male,TRUE,OccuSpec,1,1,1,1,1,1,1,1,1,0,1,0,0,0,1,1,0,0,1,0,1,0,FALSE,Basket,Basket,Basket_F,F,F,Basketmakers,Cesteros,Chiquiuhchiuhque / Otlachiquiciuhque,Sec,Sec,Sec,Sec,LightInd,UtilCraft,FALSE,FALSE,FALSE,FALSE,TRUE,Basket_F,,,1-2 days per basket
124,Basket_R,Commoner,Renter,Tributary,HA,Male,TRUE,OccuSpec,1,1,1,1,1,1,1,1,1,0,1,0,0,0,1,1,0,0,1,0,1,0,FALSE,Basket,Basket,Basket_R,R,R,Basketmakers,Cesteros,Chiquiuhchiuhque / Otlachiquiciuhque,Sec,Sec,Sec,Sec,LightInd,UtilCraft,FALSE,FALSE,FALSE,FALSE,TRUE,Basket_R,,,1-2 days per basket
125,Basket_U,Commoner,Uncertain,Tributary,HA,Male,TRUE,OccuSpec,1,1,1,1,1,1,1,1,1,0,1,0,0,0,1,1,0,0,1,0,1,0,FALSE,Basket,Basket,Basket_U,U,U,Basketmakers,Cesteros,Chiquiuhchiuhque / Otlachiquiciuhque,Sec,Sec,Sec,Sec,LightInd,UtilCraft,FALSE,FALSE,FALSE,FALSE,TRUE,Basket_U,,,1-2 days per basket
126,Basket_OU,Commoner,Uncertain,Exempt,Elderly,Male,TRUE,ExemptSpec,0,1,0,0,1,1,0,1,1,0,1,0,0,0,0,0,1,1,1,0,1,0,TRUE,Basket,Basket,Basket_OU,OU,U,Basketmakers,Cesteros,Chiquiuhchiuhque / Otlachiquiciuhque,Sec,Sec,Sec,Sec,LightInd,UtilCraft,FALSE,FALSE,FALSE,FALSE,TRUE,Basket_OU,,,1-2 days per basket
127,Potter_T,Commoner,Total,Tributary,HA,Male,TRUE,OccuSpec,1,1,1,1,1,1,1,1,1,1,1,1,0,0,1,0,0,0,1,1,1,1,FALSE,Potter,Potter,Potter_T,T,T,Potters,Alfareros,Zoquichiuhque / Conchiuhque,Sec,Sec,Sec,Sec,LightInd,UtilCraft,FALSE,FALSE,FALSE,FALSE,TRUE,Potter_T,$0.375-0.55/carga,"avg plate/bowl = 2kg, at $0.03-0.05 per vessel, carrying a dozen --> $0.375-0.55 per carga",
128,Potter_F,Commoner,Free,Tributary,HA,Male,TRUE,OccuSpec,1,1,1,1,1,1,1,1,1,0,1,0,0,0,1,1,0,0,1,0,1,0,FALSE,Potter,Potter,Potter_F,F,F,Potters,Alfareros,Zoquichiuhque / Conchiuhque,Sec,Sec,Sec,Sec,LightInd,UtilCraft,FALSE,FALSE,FALSE,FALSE,TRUE,Potter_F,$0.375-0.55/carga,"avg plate/bowl = 2kg, at $0.03-0.05 per vessel, carrying a dozen --> $0.375-0.55 per carga",
129,Potter_R,Commoner,Renter,Tributary,HA,Male,TRUE,OccuSpec,1,1,1,1,1,1,1,1,1,0,1,0,0,0,1,1,0,0,1,0,1,0,FALSE,Potter,Potter,Potter_R,R,R,Potters,Alfareros,Zoquichiuhque / Conchiuhque,Sec,Sec,Sec,Sec,LightInd,UtilCraft,FALSE,FALSE,FALSE,FALSE,TRUE,Potter_R,$0.375-0.55/carga,"avg plate/bowl = 2kg, at $0.03-0.05 per vessel, carrying a dozen --> $0.375-0.55 per carga",
130,Potter_U,Commoner,Uncertain,Tributary,HA,Male,TRUE,OccuSpec,1,1,1,1,1,1,1,1,1,0,1,0,0,0,1,1,0,0,1,0,1,0,FALSE,Potter,Potter,Potter_U,U,U,Potters,Alfareros,Zoquichiuhque / Conchiuhque,Sec,Sec,Sec,Sec,LightInd,UtilCraft,FALSE,FALSE,FALSE,FALSE,TRUE,Potter_U,$0.375-0.55/carga,"avg plate/bowl = 2kg, at $0.03-0.05 per vessel, carrying a dozen --> $0.375-0.55 per carga",
131,Potter_OU,Commoner,Uncertain,Exempt,Elderly,Male,TRUE,ExemptSpec,0,1,0,0,1,1,0,1,1,0,1,0,0,0,1,0,1,1,1,0,1,0,TRUE,Potter,Potter,Potter_OU,OU,U,Potters,Alfareros,Zoquichiuhque / Conchiuhque,Sec,Sec,Sec,Sec,LightInd,UtilCraft,FALSE,FALSE,FALSE,FALSE,TRUE,Potter_OU,$0.375-0.55/carga,"avg plate/bowl = 2kg, at $0.03-0.05 per vessel, carrying a dozen --> $0.375-0.55 per carga",
132,Jicara_T,Commoner,Total,Tributary,HA,Male,TRUE,OccuSpec,1,1,1,1,1,1,1,1,1,1,1,1,0,0,1,1,0,0,1,1,1,1,FALSE,Jicara,Jicara,Jicara_T,T,T,Jicara Makers,Fabricantes de jicaras,Xicalchichiuhque,Sec,Sec,Sec,Sec,LightInd,UtilCraft,FALSE,FALSE,FALSE,FALSE,TRUE,Jicara_T,,Matricula Tributos Scholes Adams 1554 = $0.33 per painted jicara,
133,Jicara_F,Commoner,Free,Tributary,HA,Male,TRUE,OccuSpec,1,1,1,1,1,1,1,1,1,0,1,0,0,0,1,0,0,0,1,0,1,0,FALSE,Jicara,Jicara,Jicara_F,F,F,Jicara Makers,Fabricantes de jicaras,Xicalchichiuhque,Sec,Sec,Sec,Sec,LightInd,UtilCraft,FALSE,FALSE,FALSE,FALSE,TRUE,Jicara_F,,Matricula Tributos Scholes Adams 1554 = $0.33 per painted jicara,
134,Jicara_R,Commoner,Renter,Tributary,HA,Male,TRUE,OccuSpec,1,1,1,1,1,1,1,1,1,0,1,0,0,0,1,0,0,0,1,0,1,0,FALSE,Jicara,Jicara,Jicara_R,R,R,Jicara Makers,Fabricantes de jicaras,Xicalchichiuhque,Sec,Sec,Sec,Sec,LightInd,UtilCraft,FALSE,FALSE,FALSE,FALSE,TRUE,Jicara_R,,Matricula Tributos Scholes Adams 1554 = $0.33 per painted jicara,
135,Jicara_U,Commoner,Uncertain,Tributary,HA,Male,TRUE,OccuSpec,1,1,1,1,1,1,1,1,1,0,1,0,0,0,1,0,0,0,1,0,1,0,FALSE,Jicara,Jicara,Jicara_U,U,U,Jicara Makers,Fabricantes de jicaras,Xicalchichiuhque,Sec,Sec,Sec,Sec,LightInd,UtilCraft,FALSE,FALSE,FALSE,FALSE,TRUE,Jicara_U,,Matricula Tributos Scholes Adams 1554 = $0.33 per painted jicara,
136,Sandal_T,Commoner,Total,Tributary,HA,Male,TRUE,OccuSpec,1,1,1,1,1,1,1,1,1,1,1,1,0,0,1,0,0,0,1,1,1,1,FALSE,Sandal,Sandal,Sandal_T,T,T,Sandalmakers,Huaracheros ,Cacchiuhque / Caczoc,Sec,Sec,Sec,Sec,LightInd,LuxCraft,FALSE,FALSE,TRUE,TRUE,FALSE,Sandal_T,,"""zapatos"" @ $0.32 per pair in 1570 CDMX, at ~1kg/pair --> $7.36/carga",
137,Sandal_F,Commoner,Free,Tributary,HA,Male,TRUE,OccuSpec,1,1,1,1,1,1,1,1,1,0,1,0,0,0,1,1,0,0,1,0,1,0,FALSE,Sandal,Sandal,Sandal_F,F,F,Sandalmakers,Huaracheros ,Cacchiuhque / Caczoc,Sec,Sec,Sec,Sec,LightInd,LuxCraft,FALSE,FALSE,TRUE,TRUE,FALSE,Sandal_F,,"""zapatos"" @ $0.32 per pair in 1570 CDMX",
138,Sandal_R,Commoner,Renter,Tributary,HA,Male,TRUE,OccuSpec,1,1,1,1,1,1,1,1,1,0,1,0,0,0,1,1,0,0,1,0,1,0,FALSE,Sandal,Sandal,Sandal_R,R,R,Sandalmakers,Huaracheros ,Cacchiuhque / Caczoc,Sec,Sec,Sec,Sec,LightInd,LuxCraft,FALSE,FALSE,TRUE,TRUE,FALSE,Sandal_R,,"""zapatos"" @ $0.32 per pair in 1570 CDMX",
139,Sandal_U,Commoner,Uncertain,Tributary,HA,Male,TRUE,OccuSpec,1,1,1,1,1,1,1,1,1,0,1,0,0,0,1,1,0,0,1,0,1,0,FALSE,Sandal,Sandal,Sandal_U,U,U,Sandalmakers,Huaracheros ,Cacchiuhque / Caczoc,Sec,Sec,Sec,Sec,LightInd,LuxCraft,FALSE,FALSE,TRUE,TRUE,FALSE,Sandal_U,,"""zapatos"" @ $0.32 per pair in 1570 CDMX",
140,Sandal_OR,Commoner,Renter,Exempt,Elderly,Male,TRUE,ExemptSpec,0,1,0,0,1,1,0,1,1,0,1,0,0,0,0,0,1,1,1,0,1,0,TRUE,Sandal,Sandal,Sandal_OR,OR,R,Sandalmakers,Huaracheros ,Cacchiuhque / Caczoc,Sec,Sec,Sec,Sec,LightInd,LuxCraft,FALSE,FALSE,TRUE,TRUE,FALSE,Sandal_OR,,"""zapatos"" @ $0.32 per pair in 1570 CDMX",
141,Feather_T,Commoner,Total,Tributary,HA,Male,TRUE,OccuSpec,1,1,1,1,1,1,1,1,1,1,1,1,0,0,1,0,0,0,1,1,1,1,FALSE,Feather,Feather,Feather_T,T,T,Featherworkers,Artesanos de plumas,Amanteca / Ihuiamanteca,Sec,Sec,Sec,Sec,LightInd,PrestCraft,FALSE,FALSE,TRUE,FALSE,FALSE,Feather_T,,Matricula Tributos Scholes Adams 1554 = 1 BUNCH = $0.4-2,
142,Feather_F,Commoner,Free,Tributary,HA,Male,TRUE,OccuSpec,1,1,1,1,1,1,1,1,1,0,1,0,0,0,1,1,0,0,1,0,1,0,FALSE,Feather,Feather,Feather_F,F,F,Featherworkers,Artesanos de plumas,Amanteca / Ihuiamanteca,Sec,Sec,Sec,Sec,LightInd,PrestCraft,FALSE,FALSE,TRUE,FALSE,FALSE,Feather_F,,Matricula Tributos Scholes Adams 1554 = 1 BUNCH = $0.4-3,
143,Feather_R,Commoner,Renter,Tributary,HA,Male,TRUE,OccuSpec,1,1,1,1,1,1,1,1,1,0,1,0,0,0,1,1,0,0,1,0,1,0,FALSE,Feather,Feather,Feather_R,R,R,Featherworkers,Artesanos de plumas,Amanteca / Ihuiamanteca,Sec,Sec,Sec,Sec,LightInd,PrestCraft,FALSE,FALSE,TRUE,FALSE,FALSE,Feather_R,,Matricula Tributos Scholes Adams 1554 = 1 BUNCH = $0.4-4,
144,Feather_U,Commoner,Uncertain,Tributary,HA,Male,TRUE,OccuSpec,1,1,1,1,1,1,1,1,1,0,1,0,0,0,1,1,0,0,1,0,1,0,FALSE,Feather,Feather,Feather_U,U,U,Featherworkers,Artesanos de plumas,Amanteca / Ihuiamanteca,Sec,Sec,Sec,Sec,LightInd,PrestCraft,FALSE,FALSE,TRUE,FALSE,FALSE,Feather_U,,Matricula Tributos Scholes Adams 1554 = 1 BUNCH = $0.4-5,
145,Feather_OU,Commoner,Uncertain,Exempt,Elderly,Male,TRUE,ExemptSpec,0,1,0,0,1,1,0,1,1,0,1,0,0,0,0,0,1,1,1,0,1,0,TRUE,Feather,Feather,Feather_OU,OU,U,Featherworkers,Artesanos de plumas,Amanteca / Ihuiamanteca,Sec,Sec,Sec,Sec,LightInd,PrestCraft,FALSE,FALSE,TRUE,FALSE,FALSE,Feather_OU,,Matricula Tributos Scholes Adams 1554 = 1 BUNCH = $0.4-6,
146,Dyer_T,Commoner,Total,Tributary,HA,Male,TRUE,OccuSpec,1,1,1,1,1,1,1,1,1,1,1,1,0,0,1,1,0,0,1,1,1,1,FALSE,Dyer,Dyer,Dyer_T,T,T,Dyers,Tintoreros,Tlapaleque ,Sec,Sec,Sec,Sec,LightInd,PrestCraft,FALSE,FALSE,TRUE,FALSE,FALSE,Dyer_T,,,
147,Dyer_F,Commoner,Free,Tributary,HA,Male,TRUE,OccuSpec,1,1,1,1,1,1,1,1,1,0,1,0,0,0,1,0,0,0,1,0,1,0,FALSE,Dyer,Dyer,Dyer_F,F,F,Dyers,Tintoreros,Tlapaleque ,Sec,Sec,Sec,Sec,LightInd,PrestCraft,FALSE,FALSE,TRUE,FALSE,FALSE,Dyer_F,,,
148,Dyer_R,Commoner,Renter,Tributary,HA,Male,TRUE,OccuSpec,1,1,1,1,1,1,1,1,1,0,1,0,0,0,1,0,0,0,1,0,1,0,FALSE,Dyer,Dyer,Dyer_R,R,R,Dyers,Tintoreros,Tlapaleque ,Sec,Sec,Sec,Sec,LightInd,PrestCraft,FALSE,FALSE,TRUE,FALSE,FALSE,Dyer_R,,,
149,Dyer_U,Commoner,Uncertain,Tributary,HA,Male,TRUE,OccuSpec,1,1,1,1,1,1,1,1,1,0,1,0,0,0,1,0,0,0,1,0,1,0,FALSE,Dyer,Dyer,Dyer_U,U,U,Dyers,Tintoreros,Tlapaleque ,Sec,Sec,Sec,Sec,LightInd,PrestCraft,FALSE,FALSE,TRUE,FALSE,FALSE,Dyer_U,,,
150,Paper_T,Commoner,Total,Tributary,HA,Male,TRUE,OccuSpec,1,1,1,1,1,1,1,1,1,1,1,1,0,0,1,1,0,0,1,1,1,1,FALSE,Paper,Paper,Paper_T,T,T,Paper Makers,Fabricantes de papel,Amauitequi ,Sec,Sec,Sec,Sec,LightInd,PrestCraft,FALSE,FALSE,TRUE,FALSE,FALSE,Paper_T,~$33/carga,a mano = 25 sheets = 3r-4r = $0.375-0.5 = ~0.3kg --> 153manos/carga = $66/carga,
151,Paper_F,Commoner,Free,Tributary,HA,Male,TRUE,OccuSpec,1,1,1,1,1,1,1,1,1,0,1,0,0,0,1,0,0,0,1,0,1,0,FALSE,Paper,Paper,Paper_F,F,F,Paper Makers,Fabricantes de papel,Amauitequi ,Sec,Sec,Sec,Sec,LightInd,PrestCraft,FALSE,FALSE,TRUE,FALSE,FALSE,Paper_F,~$33/carga,a mano = 25 sheets = 3r-4r = $0.375-0.5 = ~0.3kg --> 153manos/carga = $66/carga,
152,Paper_R,Commoner,Renter,Tributary,HA,Male,TRUE,OccuSpec,1,1,1,1,1,1,1,1,1,0,1,0,0,0,1,0,0,0,1,0,1,0,FALSE,Paper,Paper,Paper_R,R,R,Paper Makers,Fabricantes de papel,Amauitequi ,Sec,Sec,Sec,Sec,LightInd,PrestCraft,FALSE,FALSE,TRUE,FALSE,FALSE,Paper_R,~$33/carga,a mano = 25 sheets = 3r-4r = $0.375-0.5 = ~0.3kg --> 153manos/carga = $66/carga,
153,Paper_U,Commoner,Uncertain,Tributary,HA,Male,TRUE,OccuSpec,1,1,1,1,1,1,1,1,1,0,1,0,0,0,1,0,0,0,1,0,1,0,FALSE,Paper,Paper,Paper_U,U,U,Paper Makers,Fabricantes de papel,Amauitequi ,Sec,Sec,Sec,Sec,LightInd,PrestCraft,FALSE,FALSE,TRUE,FALSE,FALSE,Paper_U,~$33/carga,a mano = 25 sheets = 3r-4r = $0.375-0.5 = ~0.3kg --> 153manos/carga = $66/carga,
154,Rope_T,Commoner,Total,Tributary,HA,Male,TRUE,OccuSpec,1,1,1,1,1,1,1,1,1,1,1,1,0,0,1,1,0,0,1,1,1,1,FALSE,Rope,Rope,Rope_T,T,T,Rope Maker,Fabricantes de cuerdas,Tlamallique,Sec,Sec,Sec,Sec,LightInd,UtilCraft,TRUE,TRUE,TRUE,FALSE,FALSE,Rope_T,~$1/carga?,only price simply lists rope for 1 peso,
155,Rope_F,Commoner,Free,Tributary,HA,Male,TRUE,OccuSpec,1,1,1,1,1,1,1,1,1,0,1,0,0,0,1,0,0,0,1,0,1,0,FALSE,Rope,Rope,Rope_F,F,F,Rope Maker,Fabricantes de cuerdas,Tlamallique,Sec,Sec,Sec,Sec,LightInd,UtilCraft,TRUE,TRUE,TRUE,FALSE,FALSE,Rope_F,~$1/carga?,,
156,Rope_R,Commoner,Renter,Tributary,HA,Male,TRUE,OccuSpec,1,1,1,1,1,1,1,1,1,0,1,0,0,0,1,0,0,0,1,0,1,0,FALSE,Rope,Rope,Rope_R,R,R,Rope Maker,Fabricantes de cuerdas,Tlamallique,Sec,Sec,Sec,Sec,LightInd,UtilCraft,TRUE,TRUE,TRUE,FALSE,FALSE,Rope_R,~$1/carga?,,
157,Rope_U,Commoner,Uncertain,Tributary,HA,Male,TRUE,OccuSpec,1,1,1,1,1,1,1,1,1,0,1,0,0,0,1,0,0,0,1,0,1,0,FALSE,Rope,Rope,Rope_U,U,U,Rope Maker,Fabricantes de cuerdas,Tlamallique,Sec,Sec,Sec,Sec,LightInd,UtilCraft,TRUE,TRUE,TRUE,FALSE,FALSE,Rope_U,~$1/carga?,,
158,Smelter_T,Commoner,Total,Tributary,HA,Male,TRUE,OccuSpec,1,1,1,1,1,1,1,1,1,1,1,1,0,0,1,1,0,0,1,1,1,1,FALSE,Smelter,Smelter,Smelter_T,T,T,Smelters,Herrero / Fundidor,Tepozpitzque,Sec,Sec,Sec,Sec,LightInd,Metal,FALSE,TRUE,TRUE,FALSE,FALSE,Smelter_T,~$1 per copper axe -> ~$25/carga? (0.8kg per axe head),,
159,Smelter_F,Commoner,Free,Tributary,HA,Male,TRUE,OccuSpec,1,1,1,1,1,1,1,1,1,0,1,0,0,0,1,0,0,0,1,0,1,0,FALSE,Smelter,Smelter,Smelter_F,F,F,Smelters,Herrero / Fundidor,Tepozpitzque,Sec,Sec,Sec,Sec,LightInd,Metal,FALSE,TRUE,TRUE,FALSE,FALSE,Smelter_F,~$1 per copper axe -> ~$25/carga? (0.8kg per axe head),,
160,Smelter_R,Commoner,Renter,Tributary,HA,Male,TRUE,OccuSpec,1,1,1,1,1,1,1,1,1,0,1,0,0,0,1,0,0,0,1,0,1,0,FALSE,Smelter,Smelter,Smelter_R,R,R,Smelters,Herrero / Fundidor,Tepozpitzque,Sec,Sec,Sec,Sec,LightInd,Metal,FALSE,TRUE,TRUE,FALSE,FALSE,Smelter_R,~$1 per copper axe -> ~$25/carga? (0.8kg per axe head),,
161,Smelter_U,Commoner,Uncertain,Tributary,HA,Male,TRUE,OccuSpec,1,1,1,1,1,1,1,1,1,0,1,0,0,0,1,0,0,0,1,0,1,0,FALSE,Smelter,Smelter,Smelter_U,U,U,Smelters,Herrero / Fundidor,Tepozpitzque,Sec,Sec,Sec,Sec,LightInd,Metal,FALSE,TRUE,TRUE,FALSE,FALSE,Smelter_U,~$1 per copper axe -> ~$25/carga? (0.8kg per axe head),,
162,Apprentice_T,Commoner,Total,Tributary,HA,Male,TRUE,OccuSpec,1,1,1,1,1,1,1,1,1,1,1,1,0,0,1,1,0,0,1,1,1,1,FALSE,Apprentice,Apprentice,Apprentice_T,T,T,Apprentice Artisan,Aprendiz artesano,Telpopochtin,Sec,Sec,Sec,Sec,LightInd,PrestCraft,FALSE,FALSE,TRUE,FALSE,FALSE,Apprentice_T,,,
163,Apprentice_F,Commoner,Free,Tributary,HA,Male,TRUE,OccuSpec,1,1,1,1,1,1,1,1,1,0,1,0,0,0,1,0,0,0,1,0,1,0,FALSE,Apprentice,Apprentice,Apprentice_F,F,F,Apprentice Artisan,Aprendiz artesano,Telpopochtin,Sec,Sec,Sec,Sec,LightInd,PrestCraft,FALSE,FALSE,TRUE,FALSE,FALSE,Apprentice_F,,,
164,Apprentice_R,Commoner,Renter,Tributary,HA,Male,TRUE,OccuSpec,1,1,1,1,1,1,1,1,1,0,1,0,0,0,1,0,0,0,1,0,1,0,FALSE,Apprentice,Apprentice,Apprentice_R,R,R,Apprentice Artisan,Aprendiz artesano,Telpopochtin,Sec,Sec,Sec,Sec,LightInd,PrestCraft,FALSE,FALSE,TRUE,FALSE,FALSE,Apprentice_R,,,
165,Apprentice_U,Commoner,Uncertain,Tributary,HA,Male,TRUE,OccuSpec,1,1,1,1,1,1,1,1,1,0,1,0,0,0,1,0,0,0,1,0,1,0,FALSE,Apprentice,Apprentice,Apprentice_U,U,U,Apprentice Artisan,Aprendiz artesano,Telpopochtin,Sec,Sec,Sec,Sec,LightInd,PrestCraft,FALSE,FALSE,TRUE,FALSE,FALSE,Apprentice_U,,,
166,Spinner_T,Commoner,Total,Tributary,HA,Male,TRUE,OccuSpec,1,1,1,1,1,1,1,1,1,1,1,1,0,0,1,1,0,0,1,1,1,1,FALSE,Spinner,Spinner,Spinner_T,T,T,Thread Spinners,Hiladores,Tzauhque / Setatzauhque,Sec,Sec,Sec,Sec,LightInd,SpTextile,FALSE,TRUE,TRUE,FALSE,FALSE,Spinner_T,,,
167,Spinner_F,Commoner,Free,Tributary,HA,Male,TRUE,OccuSpec,1,1,1,1,1,1,1,1,1,0,1,0,0,0,1,0,0,0,1,0,1,0,FALSE,Spinner,Spinner,Spinner_F,F,F,Thread Spinners,Hiladores,Tzauhque / Setatzauhque,Sec,Sec,Sec,Sec,LightInd,SpTextile,FALSE,TRUE,TRUE,FALSE,FALSE,Spinner_F,,,
168,Spinner_R,Commoner,Renter,Tributary,HA,Male,TRUE,OccuSpec,1,1,1,1,1,1,1,1,1,0,1,0,0,0,1,0,0,0,1,0,1,0,FALSE,Spinner,Spinner,Spinner_R,R,R,Thread Spinners,Hiladores,Tzauhque / Setatzauhque,Sec,Sec,Sec,Sec,LightInd,SpTextile,FALSE,TRUE,TRUE,FALSE,FALSE,Spinner_R,,,
169,Spinner_U,Commoner,Uncertain,Tributary,HA,Male,TRUE,OccuSpec,1,1,1,1,1,1,1,1,1,0,1,0,0,0,1,0,0,0,1,0,1,0,FALSE,Spinner,Spinner,Spinner_U,U,U,Thread Spinners,Hiladores,Tzauhque / Setatzauhque,Sec,Sec,Sec,Sec,LightInd,SpTextile,FALSE,TRUE,TRUE,FALSE,FALSE,Spinner_U,,,
170,Shoe_T,Commoner,Total,Tributary,HA,Male,TRUE,OccuSpec,1,1,1,1,1,1,1,1,1,1,1,1,0,0,1,1,0,0,1,1,1,1,FALSE,Shoe,Shoe,Shoe_T,T,T,Shoemakers,Zapatero,Zapatero,Sec,Sec,Sec,Sec,LightInd,SpTextile,FALSE,TRUE,TRUE,FALSE,FALSE,Shoe_T,,"""zapatos"" @ $0.32 per pair in 1570 CDMX, at ~1kg/pair --> $7.36/carga",
171,Shoe_F,Commoner,Free,Tributary,HA,Male,TRUE,OccuSpec,1,1,1,1,1,1,1,1,1,0,1,0,0,0,1,0,0,0,1,0,1,0,FALSE,Shoe,Shoe,Shoe_F,F,F,Shoemakers,Zapatero,Zapatero,Sec,Sec,Sec,Sec,LightInd,SpTextile,FALSE,TRUE,TRUE,FALSE,FALSE,Shoe_F,,"""zapatos"" @ $0.32 per pair in 1570 CDMX",
172,Shoe_R,Commoner,Renter,Tributary,HA,Male,TRUE,OccuSpec,1,1,1,1,1,1,1,1,1,0,1,0,0,0,1,0,0,0,1,0,1,0,FALSE,Shoe,Shoe,Shoe_R,R,R,Shoemakers,Zapatero,Zapatero,Sec,Sec,Sec,Sec,LightInd,SpTextile,FALSE,TRUE,TRUE,FALSE,FALSE,Shoe_R,,"""zapatos"" @ $0.32 per pair in 1570 CDMX, at ~1kg/pair --> $7.36/carga",
173,Shoe_U,Commoner,Uncertain,Tributary,HA,Male,TRUE,OccuSpec,1,1,1,1,1,1,1,1,1,0,1,0,0,0,1,0,0,0,1,0,1,0,FALSE,Shoe,Shoe,Shoe_U,U,U,Shoemakers,Zapatero,Zapatero,Sec,Sec,Sec,Sec,LightInd,SpTextile,FALSE,TRUE,TRUE,FALSE,FALSE,Shoe_U,,"""zapatos"" @ $0.32 per pair in 1570 CDMX",
174,Doctor_T,Commoner,Total,Tributary,HA,Male,TRUE,OccuSpec,1,1,1,1,1,1,1,1,1,1,1,1,0,0,1,0,0,0,1,1,1,1,FALSE,Doctor,Doctor,Doctor_T,T,T,Doctors,Médicos,Tlamatque / Tactitl,Tert,Tert,Tert,Tert,InfoHum,Med,FALSE,FALSE,FALSE,FALSE,TRUE,Doctor_T,,,
175,Doctor_F,Commoner,Free,Tributary,HA,Male,TRUE,OccuSpec,1,1,1,1,1,1,1,1,1,0,1,0,0,0,1,1,0,0,1,0,1,0,FALSE,Doctor,Doctor,Doctor_F,F,F,Doctors,Médicos,Tlamatque / Tactitl,Tert,Tert,Tert,Tert,InfoHum,Med,FALSE,FALSE,FALSE,FALSE,TRUE,Doctor_F,,,
176,Doctor_R,Commoner,Renter,Tributary,HA,Male,TRUE,OccuSpec,1,1,1,1,1,1,1,1,1,0,1,0,0,0,1,1,0,0,1,0,1,0,FALSE,Doctor,Doctor,Doctor_R,R,R,Doctors,Médicos,Tlamatque / Tactitl,Tert,Tert,Tert,Tert,InfoHum,Med,FALSE,FALSE,FALSE,FALSE,TRUE,Doctor_R,,,
177,Doctor_U,Commoner,Uncertain,Tributary,HA,Male,TRUE,OccuSpec,1,1,1,1,1,1,1,1,1,0,1,0,0,0,1,1,0,0,1,0,1,0,FALSE,Doctor,Doctor,Doctor_U,U,U,Doctors,Médicos,Tlamatque / Tactitl,Tert,Tert,Tert,Tert,InfoHum,Med,FALSE,FALSE,FALSE,FALSE,TRUE,Doctor_U,,,
178,Doctor_OF,Commoner,Free,Exempt,Elderly,Male,TRUE,ExemptSpec,0,1,0,0,1,1,0,1,1,0,1,0,0,0,0,0,1,1,1,0,1,0,TRUE,Doctor,Doctor,Doctor_OF,OF,F,Doctors,Médicos,Tlamatque / Tactitl,Tert,Tert,Tert,Tert,InfoHum,Med,FALSE,FALSE,FALSE,FALSE,TRUE,Doctor_OF,,,
179,Doctor_OU,Commoner,Uncertain,Exempt,Elderly,Male,TRUE,ExemptSpec,0,1,0,0,1,1,0,1,1,0,1,0,0,0,0,0,1,1,1,0,1,0,TRUE,Doctor,Doctor,Doctor_OU,OU,U,Doctors,Médicos,Tlamatque / Tactitl,Tert,Tert,Tert,Tert,InfoHum,Med,FALSE,FALSE,FALSE,FALSE,TRUE,Doctor_OU,,,
180,Scribe_T,Commoner,Total,Tributary,HA,Male,TRUE,OccuSpec,1,1,1,1,1,1,1,1,1,1,1,1,0,0,1,1,0,0,1,1,1,1,FALSE,Scribe,Scribe,Scribe_T,T,T,Scribes / Painters,Escritores / Pintores,Tlacuiloque,Tert,Tert,Tert,Tert,InfoHum,InfoServ,TRUE,TRUE,TRUE,FALSE,FALSE,Scribe_T,,,
181,Scribe_F,Commoner,Free,Tributary,HA,Male,TRUE,OccuSpec,1,1,1,1,1,1,1,1,1,0,1,0,0,0,1,0,0,0,1,0,1,0,FALSE,Scribe,Scribe,Scribe_F,F,F,Scribes / Painters,Escritores / Pintores,Tlacuiloque,Tert,Tert,Tert,Tert,InfoHum,InfoServ,TRUE,TRUE,TRUE,FALSE,FALSE,Scribe_F,,,
182,Scribe_R,Commoner,Renter,Tributary,HA,Male,TRUE,OccuSpec,1,1,1,1,1,1,1,1,1,0,1,0,0,0,1,0,0,0,1,0,1,0,FALSE,Scribe,Scribe,Scribe_R,R,R,Scribes / Painters,Escritores / Pintores,Tlacuiloque,Tert,Tert,Tert,Tert,InfoHum,InfoServ,TRUE,TRUE,TRUE,FALSE,FALSE,Scribe_R,,,
183,Scribe_U,Commoner,Uncertain,Tributary,HA,Male,TRUE,OccuSpec,1,1,1,1,1,1,1,1,1,0,1,0,0,0,1,0,0,0,1,0,1,0,FALSE,Scribe,Scribe,Scribe_U,U,U,Scribes / Painters,Escritores / Pintores,Tlacuiloque,Tert,Tert,Tert,Tert,InfoHum,InfoServ,TRUE,TRUE,TRUE,FALSE,FALSE,Scribe_U,,,
184,Tailor_T,Commoner,Total,Tributary,HA,Male,TRUE,OccuSpec,1,1,1,1,1,1,1,1,1,1,1,1,0,0,1,1,0,0,1,1,1,1,FALSE,Tailor,Tailor,Tailor_T,T,T,Tailors,Sastre,Tlatzoqui / Tlatzonqui,Sec,Sec,Sec,Sec,LightInd,SpTextile,FALSE,TRUE,TRUE,FALSE,FALSE,Tailor_T,,,
185,Tailor_F,Commoner,Free,Tributary,HA,Male,TRUE,OccuSpec,1,1,1,1,1,1,1,1,1,0,1,0,0,0,1,0,0,0,1,0,1,0,FALSE,Tailor,Tailor,Tailor_F,F,F,Tailors,Sastre,Tlatzoqui / Tlatzonqui,Sec,Sec,Sec,Sec,LightInd,SpTextile,FALSE,TRUE,TRUE,FALSE,FALSE,Tailor_F,,,
186,Tailor_R,Commoner,Renter,Tributary,HA,Male,TRUE,OccuSpec,1,1,1,1,1,1,1,1,1,0,1,0,0,0,1,0,0,0,1,0,1,0,FALSE,Tailor,Tailor,Tailor_R,R,R,Tailors,Sastre,Tlatzoqui / Tlatzonqui,Sec,Sec,Sec,Sec,LightInd,SpTextile,FALSE,TRUE,TRUE,FALSE,FALSE,Tailor_R,,,
187,Tailor_U,Commoner,Uncertain,Tributary,HA,Male,TRUE,OccuSpec,1,1,1,1,1,1,1,1,1,0,1,0,0,0,1,0,0,0,1,0,1,0,FALSE,Tailor,Tailor,Tailor_U,U,U,Tailors,Sastre,Tlatzoqui / Tlatzonqui,Sec,Sec,Sec,Sec,LightInd,SpTextile,FALSE,TRUE,TRUE,FALSE,FALSE,Tailor_U,,,
188,Butcher_T,Commoner,Total,Tributary,HA,Male,TRUE,OccuSpec,1,1,1,1,1,1,1,1,1,1,1,1,0,0,1,1,0,0,1,1,1,1,FALSE,Butcher,Butcher,Butcher_T,T,T,Butcher,Carnecero,Calnecelo ,Tert,Tert,Tert,Tert,RetailLodg,SpRetail,FALSE,TRUE,TRUE,FALSE,FALSE,Butcher_T,$0.4-0.11/carga,Beef/pork CDMX $0.02-0.06/arroba -->$0.4-0.11/carga,
189,Butcher_F,Commoner,Free,Tributary,HA,Male,TRUE,OccuSpec,1,1,1,1,1,1,1,1,1,0,1,0,0,0,1,0,0,0,1,0,1,0,FALSE,Butcher,Butcher,Butcher_F,F,F,Butcher,Carnecero,Calnecelo ,Tert,Tert,Tert,Tert,RetailLodg,SpRetail,FALSE,TRUE,TRUE,FALSE,FALSE,Butcher_F,$0.4-0.11/carga,Beef/pork CDMX $0.02-0.06/arroba -->$0.4-0.11/carga,
190,Butcher_R,Commoner,Renter,Tributary,HA,Male,TRUE,OccuSpec,1,1,1,1,1,1,1,1,1,0,1,0,0,0,1,0,0,0,1,0,1,0,FALSE,Butcher,Butcher,Butcher_R,R,R,Butcher,Carnecero,Calnecelo ,Tert,Tert,Tert,Tert,RetailLodg,SpRetail,FALSE,TRUE,TRUE,FALSE,FALSE,Butcher_R,$0.4-0.11/carga,Beef/pork CDMX $0.02-0.06/arroba -->$0.4-0.11/carga,
191,Butcher_U,Commoner,Uncertain,Tributary,HA,Male,TRUE,OccuSpec,1,1,1,1,1,1,1,1,1,0,1,0,0,0,1,0,0,0,1,0,1,0,FALSE,Butcher,Butcher,Butcher_U,U,U,Butcher,Carnecero,Calnecelo ,Tert,Tert,Tert,Tert,RetailLodg,SpRetail,FALSE,TRUE,TRUE,FALSE,FALSE,Butcher_U,$0.4-0.11/carga,Beef/pork CDMX $0.02-0.06/arroba -->$0.4-0.11/carga,
192,Baker_T,Commoner,Total,Tributary,HA,Male,TRUE,OccuSpec,1,1,1,1,1,1,1,1,1,1,1,1,0,0,1,1,0,0,1,1,1,1,FALSE,Baker,Baker,Baker_T,T,T,Baker,Panadero / Tortillero,Tlaxcalchiuhque,Tert,Tert,Tert,Tert,RetailLodg,SpRetail,FALSE,TRUE,TRUE,FALSE,FALSE,Baker_T,,,
193,Baker_F,Commoner,Free,Tributary,HA,Male,TRUE,OccuSpec,1,1,1,1,1,1,1,1,1,0,1,0,0,0,1,0,0,0,1,0,1,0,FALSE,Baker,Baker,Baker_F,F,F,Baker,Panadero / Tortillero,Tlaxcalchiuhque,Tert,Tert,Tert,Tert,RetailLodg,SpRetail,FALSE,TRUE,TRUE,FALSE,FALSE,Baker_F,,,
194,Baker_R,Commoner,Renter,Tributary,HA,Male,TRUE,OccuSpec,1,1,1,1,1,1,1,1,1,0,1,0,0,0,1,0,0,0,1,0,1,0,FALSE,Baker,Baker,Baker_R,R,R,Baker,Panadero / Tortillero,Tlaxcalchiuhque,Tert,Tert,Tert,Tert,RetailLodg,SpRetail,FALSE,TRUE,TRUE,FALSE,FALSE,Baker_R,,,
195,Baker_U,Commoner,Uncertain,Tributary,HA,Male,TRUE,OccuSpec,1,1,1,1,1,1,1,1,1,0,1,0,0,0,1,0,0,0,1,0,1,0,FALSE,Baker,Baker,Baker_U,U,U,Baker,Panadero / Tortillero,Tlaxcalchiuhque,Tert,Tert,Tert,Tert,RetailLodg,SpRetail,FALSE,TRUE,TRUE,FALSE,FALSE,Baker_U,,,
196,Teamster_T,Commoner,Total,Tributary,HA,Male,TRUE,OccuSpec,1,1,1,1,1,1,1,1,1,1,1,1,0,0,1,1,0,0,1,1,1,1,FALSE,Teamster,Teamster,Teamster_T,T,T,Teamsters,Carretero,Caritelo / Caliteloxme ,Tert,Tert,Tert,Tert,TranspDistr,Transp,TRUE,TRUE,TRUE,FALSE,FALSE,Teamster_T,,,
197,Teamster_F,Commoner,Free,Tributary,HA,Male,TRUE,OccuSpec,1,1,1,1,1,1,1,1,1,0,1,0,0,0,1,0,0,0,1,0,1,0,FALSE,Teamster,Teamster,Teamster_F,F,F,Teamsters,Carretero,Caritelo / Caliteloxme ,Tert,Tert,Tert,Tert,TranspDistr,Transp,TRUE,TRUE,TRUE,FALSE,FALSE,Teamster_F,,,
198,Teamster_R,Commoner,Renter,Tributary,HA,Male,TRUE,OccuSpec,1,1,1,1,1,1,1,1,1,0,1,0,0,0,1,0,0,0,1,0,1,0,FALSE,Teamster,Teamster,Teamster_R,R,R,Teamsters,Carretero,Caritelo / Caliteloxme ,Tert,Tert,Tert,Tert,TranspDistr,Transp,TRUE,TRUE,TRUE,FALSE,FALSE,Teamster_R,,,
199,Teamster_U,Commoner,Uncertain,Tributary,HA,Male,TRUE,OccuSpec,1,1,1,1,1,1,1,1,1,0,1,0,0,0,1,0,0,0,1,0,1,0,FALSE,Teamster,Teamster,Teamster_U,U,U,Teamsters,Carretero,Caritelo / Caliteloxme ,Tert,Tert,Tert,Tert,TranspDistr,Transp,TRUE,TRUE,TRUE,FALSE,FALSE,Teamster_U,,,
200,Innkeeper_T,Commoner,Total,Tributary,HA,Male,TRUE,OccuSpec,1,1,1,1,1,1,1,1,1,1,1,1,0,0,1,1,0,0,1,1,1,1,FALSE,Innkeeper,Innkeeper,Innkeeper_T,T,T,Innkeepers,Venteros / Mesonero,Ventelo ,Tert,Tert,Tert,Tert,RetailLodg,SpRetail,TRUE,TRUE,FALSE,FALSE,FALSE,Innkeeper_T,,,
201,Innkeeper_F,Commoner,Free,Tributary,HA,Male,TRUE,OccuSpec,1,1,1,1,1,1,1,1,1,0,1,0,0,0,1,0,0,0,1,0,1,0,FALSE,Innkeeper,Innkeeper,Innkeeper_F,F,F,Innkeepers,Venteros / Mesonero,Ventelo ,Tert,Tert,Tert,Tert,RetailLodg,SpRetail,TRUE,TRUE,FALSE,FALSE,FALSE,Innkeeper_F,,,
202,Innkeeper_R,Commoner,Renter,Tributary,HA,Male,TRUE,OccuSpec,1,1,1,1,1,1,1,1,1,0,1,0,0,0,1,0,0,0,1,0,1,0,FALSE,Innkeeper,Innkeeper,Innkeeper_R,R,R,Innkeepers,Venteros / Mesonero,Ventelo ,Tert,Tert,Tert,Tert,RetailLodg,SpRetail,TRUE,TRUE,FALSE,FALSE,FALSE,Innkeeper_R,,,
203,Innkeeper_U,Commoner,Uncertain,Tributary,HA,Male,TRUE,OccuSpec,1,1,1,1,1,1,1,1,1,0,1,0,0,0,1,0,0,0,1,0,1,0,FALSE,Innkeeper,Innkeeper,Innkeeper_U,U,U,Innkeepers,Venteros / Mesonero,Ventelo ,Tert,Tert,Tert,Tert,RetailLodg,SpRetail,TRUE,TRUE,FALSE,FALSE,FALSE,Innkeeper_U,,,
204,LandBuyer_T,Commoner,Total,Tributary,HA,Male,TRUE,OccuSpec,1,1,1,1,1,1,1,1,1,1,1,1,0,0,1,1,0,0,1,1,1,1,FALSE,LandBuyer,LandBuyer,LandBuyer_T,T,T,Land Buyers,Compradores de tierras,Tlalcouhque,Tert,Tert,Tert,Tert,AdminPub,FinAdmin,FALSE,TRUE,FALSE,FALSE,FALSE,LandBuyer_T,,,
205,LandBuyer_F,Commoner,Free,Tributary,HA,Male,TRUE,OccuSpec,1,1,1,1,1,1,1,1,1,0,1,0,0,0,1,0,0,0,1,0,1,0,FALSE,LandBuyer,LandBuyer,LandBuyer_F,F,F,Land Buyers,Compradores de tierras,Tlalcouhque,Tert,Tert,Tert,Tert,AdminPub,FinAdmin,FALSE,TRUE,FALSE,FALSE,FALSE,LandBuyer_F,,,
206,LandBuyer_R,Commoner,Renter,Tributary,HA,Male,TRUE,OccuSpec,1,1,1,1,1,1,1,1,1,0,1,0,0,0,1,0,0,0,1,0,1,0,FALSE,LandBuyer,LandBuyer,LandBuyer_R,R,R,Land Buyers,Compradores de tierras,Tlalcouhque,Tert,Tert,Tert,Tert,AdminPub,FinAdmin,FALSE,TRUE,FALSE,FALSE,FALSE,LandBuyer_R,,,
207,LandBuyer_U,Commoner,Uncertain,Tributary,HA,Male,TRUE,OccuSpec,1,1,1,1,1,1,1,1,1,0,1,0,0,0,1,0,0,0,1,0,1,0,FALSE,LandBuyer,LandBuyer,LandBuyer_U,U,U,Land Buyers,Compradores de tierras,Tlalcouhque,Tert,Tert,Tert,Tert,AdminPub,FinAdmin,FALSE,TRUE,FALSE,FALSE,FALSE,LandBuyer_U,,,
208,Wholesaler_T,Commoner,Total,Tributary,HA,Male,TRUE,OccuSpec,1,1,1,1,1,1,1,1,1,1,1,1,0,0,1,1,0,0,1,1,1,1,FALSE,Wholesaler,Wholesaler,Wholesaler_T,T,T,Merchant Wholesalers,Comerciante mayorista / distribuidor,Tlaneschicolti,Tert,Tert,Tert,Tert,TranspDistr,Wholesale,TRUE,FALSE,TRUE,TRUE,FALSE,Wholesaler_T,,,
209,Wholesaler_F,Commoner,Free,Tributary,HA,Male,TRUE,OccuSpec,1,1,1,1,1,1,1,1,1,0,1,0,0,0,1,0,0,0,1,0,1,0,FALSE,Wholesaler,Wholesaler,Wholesaler_F,F,F,Merchant Wholesalers,Comerciante mayorista / distribuidor,Tlaneschicolti,Tert,Tert,Tert,Tert,TranspDistr,Wholesale,TRUE,FALSE,TRUE,TRUE,FALSE,Wholesaler_F,,,
210,Wholesaler_R,Commoner,Renter,Tributary,HA,Male,TRUE,OccuSpec,1,1,1,1,1,1,1,1,1,0,1,0,0,0,1,0,0,0,1,0,1,0,FALSE,Wholesaler,Wholesaler,Wholesaler_R,R,R,Merchant Wholesalers,Comerciante mayorista / distribuidor,Tlaneschicolti,Tert,Tert,Tert,Tert,TranspDistr,Wholesale,TRUE,FALSE,TRUE,TRUE,FALSE,Wholesaler_R,,,
211,Wholesaler_U,Commoner,Uncertain,Tributary,HA,Male,TRUE,OccuSpec,1,1,1,1,1,1,1,1,1,0,1,0,0,0,1,0,0,0,1,0,1,0,FALSE,Wholesaler,Wholesaler,Wholesaler_U,U,U,Merchant Wholesalers,Comerciante mayorista / distribuidor,Tlaneschicolti,Tert,Tert,Tert,Tert,TranspDistr,Wholesale,TRUE,FALSE,TRUE,TRUE,FALSE,Wholesaler_U,,,
212,Merchant_T,Commoner,Total,Tributary,HA,Male,TRUE,OccuSpec,1,1,1,1,1,1,1,1,1,1,1,1,0,0,1,1,0,0,1,1,1,1,FALSE,Merchant,Merchant,Merchant_T,T,T,Merchants,Mercaderes,Acxoteca,Tert,Tert,Tert,Tert,TranspDistr,Distrib,TRUE,FALSE,TRUE,TRUE,FALSE,Merchant_T,,,
213,Merchant_F,Commoner,Free,Tributary,HA,Male,TRUE,OccuSpec,1,1,1,1,1,1,1,1,1,0,1,0,0,0,1,0,0,0,1,0,1,0,FALSE,Merchant,Merchant,Merchant_F,F,F,Merchants,Mercaderes,Acxoteca,Tert,Tert,Tert,Tert,TranspDistr,Distrib,TRUE,FALSE,TRUE,TRUE,TRUE,Merchant_F,,,
214,Merchant_R,Commoner,Renter,Tributary,HA,Male,TRUE,OccuSpec,1,1,1,1,1,1,1,1,1,0,1,0,0,0,1,0,0,0,1,0,1,0,FALSE,Merchant,Merchant,Merchant_R,R,R,Merchants,Mercaderes,Acxoteca,Tert,Tert,Tert,Tert,TranspDistr,Distrib,TRUE,FALSE,TRUE,TRUE,TRUE,Merchant_R,,,
215,Merchant_U,Commoner,Uncertain,Tributary,HA,Male,TRUE,OccuSpec,1,1,1,1,1,1,1,1,1,0,1,0,0,0,1,0,0,0,1,0,1,0,FALSE,Merchant,Merchant,Merchant_U,U,U,Merchants,Mercaderes,Acxoteca,Tert,Tert,Tert,Tert,TranspDistr,Distrib,TRUE,FALSE,TRUE,TRUE,TRUE,Merchant_U,,,
216,MerchNoble_T,Commoner,Total,Tributary,HA,Male,TRUE,OccuSpec,1,1,1,1,1,1,1,1,1,1,1,1,0,0,1,1,0,0,1,1,1,1,FALSE,MerchNoble,MerchNoble,MerchNoble_T,T,T,Noble Merchants,Mercaderes Nobiles,Acxoteca Pipiltin,Tert,Tert,Tert,Tert,TranspDistr,FinAdmin,TRUE,FALSE,TRUE,TRUE,TRUE,MerchNoble_T,,,
217,MerchNoble_F,Commoner,Free,Tributary,HA,Male,TRUE,OccuSpec,1,1,1,1,1,1,1,1,1,0,1,0,0,0,1,0,0,0,1,0,1,0,FALSE,MerchNoble,MerchNoble,MerchNoble_F,F,F,Noble Merchants,Mercaderes Nobiles,Acxoteca Pipiltin,Tert,Tert,Tert,Tert,TranspDistr,FinAdmin,TRUE,FALSE,TRUE,TRUE,TRUE,MerchNoble_F,,,
218,Quetzalhuaque_T,Commoner,Total,Tributary,HA,Male,TRUE,OccuSpec,1,1,1,1,1,1,1,1,1,1,1,1,0,0,1,1,0,0,1,0,1,0,FALSE,Quetzalhuaque,Quetzalhuaque,Quetzalhuaque_T,T,T,Quetzalhuaque Merchants,Mercaderes Quetzalhuaque,Quetzalhuaque,Tert,Tert,Tert,Tert,TranspDistr,Distrib,TRUE,FALSE,TRUE,TRUE,FALSE,Quetzalhuaque_T,,,
219,Quetzalhuaque_F,Commoner,Free,Tributary,HA,Male,TRUE,OccuSpec,1,1,1,1,1,1,1,1,1,0,1,0,0,0,1,0,0,0,1,0,1,0,FALSE,Quetzalhuaque,Quetzalhuaque,Quetzalhuaque_F,F,F,Quetzalhuaque Merchants,Mercaderes Quetzalhuaque,Quetzalhuaque,Tert,Tert,Tert,Tert,TranspDistr,Distrib,TRUE,FALSE,TRUE,TRUE,FALSE,Quetzalhuaque_F,,,
220,Quetzalhuaque_R,Commoner,Renter,Tributary,HA,Male,TRUE,OccuSpec,1,1,1,1,1,1,1,1,1,0,1,0,0,0,1,0,0,0,1,0,1,0,FALSE,Quetzalhuaque,Quetzalhuaque,Quetzalhuaque_R,R,R,Quetzalhuaque Merchants,Mercaderes Quetzalhuaque,Quetzalhuaque,Tert,Tert,Tert,Tert,TranspDistr,Distrib,TRUE,FALSE,TRUE,TRUE,FALSE,Quetzalhuaque_R,,,
221,Quetzalhuaque_U,Commoner,Uncertain,Tributary,HA,Male,TRUE,OccuSpec,1,1,1,1,1,1,1,1,1,0,1,0,0,0,1,0,0,0,1,0,1,0,FALSE,Quetzalhuaque,Quetzalhuaque,Quetzalhuaque_U,U,U,Quetzalhuaque Merchants,Mercaderes Quetzalhuaque,Quetzalhuaque,Tert,Tert,Tert,Tert,TranspDistr,Distrib,TRUE,FALSE,TRUE,TRUE,FALSE,Quetzalhuaque_U,,,
222,MerchTecutli_T,Commoner,Total,Tributary,HA,Male,TRUE,OccuSpec,1,1,1,1,1,1,1,1,1,1,1,1,0,0,1,1,0,0,1,1,1,1,FALSE,MerchTecutli,MerchTecutli,MerchTecutli_T,T,T,Merchant Tecuhtli,Mercader Tecuhtli,Teuhctin Acxoteca,Tert,Tert,Tert,Tert,TranspDistr,FinAdmin,TRUE,FALSE,TRUE,TRUE,FALSE,MerchTecutli_T,,,
223,MerchTecutli_F,Commoner,Free,Tributary,HA,Male,TRUE,OccuSpec,1,1,1,1,1,1,1,1,1,0,1,0,0,0,1,0,0,0,1,0,1,0,FALSE,MerchTecutli,MerchTecutli,MerchTecutli_MN,F,F,Merchant Tecuhtli,Mercader Tecuhtli,Teuhctin Acxoteca,Tert,Tert,Tert,Tert,TranspDistr,FinAdmin,TRUE,FALSE,TRUE,TRUE,FALSE,MerchTecutli_F,,,
224,TaxOfficial_T,Commoner,Total,Tributary,HA,Male,TRUE,OccuSpec,1,1,1,1,1,1,1,1,1,1,1,1,0,0,1,1,0,0,1,1,1,1,FALSE,TaxOfficial,TaxOfficial,TaxOfficial_T,T,T,Tribute Officials,Oficiales del tributo,Tequitque,Tert,Quat,Tert,Quat,AdminPub,FinAdmin,TRUE,FALSE,FALSE,FALSE,FALSE,TaxOfficial_T,,,
225,TaxOfficial_F,Commoner,Free,Tributary,HA,Male,TRUE,OccuSpec,1,1,1,1,1,1,1,1,1,0,1,0,0,0,1,0,0,0,1,0,1,0,FALSE,TaxOfficial,TaxOfficial,TaxOfficial_F,F,F,Tribute Officials,Oficiales del tributo,Tequitque,Tert,Quat,Tert,Quat,AdminPub,FinAdmin,TRUE,FALSE,FALSE,FALSE,FALSE,TaxOfficial_F,,,
226,TaxOfficial_R,Commoner,Renter,Tributary,HA,Male,TRUE,OccuSpec,1,1,1,1,1,1,1,1,1,0,1,0,0,0,1,0,0,0,1,0,1,0,FALSE,TaxOfficial,TaxOfficial,TaxOfficial_R,R,R,Tribute Officials,Oficiales del tributo,Tequitque,Tert,Quat,Tert,Quat,AdminPub,FinAdmin,TRUE,FALSE,FALSE,FALSE,FALSE,TaxOfficial_R,,,
227,TaxOfficial_U,Commoner,Uncertain,Tributary,HA,Male,TRUE,OccuSpec,1,1,1,1,1,1,1,1,1,0,1,0,0,0,1,0,0,0,1,0,1,0,FALSE,TaxOfficial,TaxOfficial,TaxOfficial_U,U,U,Tribute Officials,Oficiales del tributo,Tequitque,Tert,Quat,Tert,Quat,AdminPub,FinAdmin,TRUE,FALSE,FALSE,FALSE,FALSE,TaxOfficial_U,,,
228,CenPix_T,Commoner,Total,Tributary,HA,Male,TRUE,OccuSpec,1,1,1,1,1,1,1,1,1,1,1,0,0,0,1,0,0,0,1,0,1,1,FALSE,CenPix,CenPix,CenPix_T,T,T,Headmen of 20,Mandones de 20,Centecpanpixque,Tert,Quat,Tert,Quat,AdminPub,GovtServ,TRUE,FALSE,FALSE,FALSE,FALSE,CenPix_T,,,
229,CenPix_F,Commoner,Free,Tributary,HA,Male,TRUE,OccuSpec,1,1,1,1,1,1,1,1,1,0,1,1,0,0,1,1,0,0,1,1,1,0,FALSE,CenPix,CenPix,CenPix_F,F,F,Headmen of 20,Mandones de 20,Centecpanpixque,Tert,Quat,Tert,Quat,AdminPub,GovtServ,TRUE,FALSE,FALSE,FALSE,FALSE,CenPix_F,,,
230,CenPix_R,Commoner,Renter,Tributary,HA,Male,TRUE,OccuSpec,1,1,1,1,1,1,1,1,1,0,1,1,0,0,1,1,0,0,1,1,1,0,FALSE,CenPix,CenPix,CenPix_R,R,R,Headmen of 20,Mandones de 20,Centecpanpixque,Tert,Quat,Tert,Quat,AdminPub,GovtServ,TRUE,FALSE,FALSE,FALSE,FALSE,CenPix_R,,,
231,CenPix_U,Commoner,Uncertain,Tributary,HA,Male,TRUE,OccuSpec,1,1,1,1,1,1,1,1,1,0,1,1,0,0,1,1,0,0,1,1,1,0,FALSE,CenPix,CenPix,CenPix_U,U,U,Headmen of 20,Mandones de 20,Centecpanpixque,Tert,Quat,Tert,Quat,AdminPub,GovtServ,TRUE,FALSE,FALSE,FALSE,FALSE,CenPix_U,,,
232,CenPix_OF,Commoner,Free,Exempt,Elderly,Male,TRUE,ExemptSpec,0,1,0,0,1,1,0,1,1,0,1,1,0,0,0,0,1,1,1,1,1,0,TRUE,CenPix,CenPix,CenPix_OF,OF,F,Headmen of 20,Mandones de 20,Centecpanpixque,Tert,Quat,Tert,Quat,AdminPub,GovtServ,TRUE,FALSE,FALSE,FALSE,FALSE,CenPix_OF,,,
233,CenPix_N,Noble,Noble,Noble,HA,Male,TRUE,NobleSpec,0,0,1,0,1,0,1,1,1,0,0,0,1,1,0,0,0,0,0,0,1,0,FALSE,CenPix,CenPix,CenPix_N,N,N,Headmen of 20,Mandones de 20,Centecpanpixque,Tert,Quat,Tert,Quat,AdminPub,GovtServ,TRUE,FALSE,FALSE,FALSE,FALSE,CenPix_N,,,
234,MacPix_T,Commoner,Total,Tributary,HA,Male,TRUE,OccuSpec,1,1,1,1,1,1,1,1,1,1,1,0,0,0,1,0,0,0,1,0,1,1,FALSE,MacPix,MacPix,MacPix_T,T,T,Headmen of 100,Mandones de 100,Macuiltecpanpixque,Tert,Quat,Tert,Quat,AdminPub,GovtServ,TRUE,FALSE,FALSE,FALSE,FALSE,MacPix_T,,,
235,MacPix_F,Commoner,Free,Tributary,HA,Male,TRUE,OccuSpec,1,1,1,1,1,1,1,1,1,0,1,1,0,0,1,1,0,0,1,1,1,0,FALSE,MacPix,MacPix,MacPix_F,F,F,Headmen of 100,Mandones de 100,Macuiltecpanpixque,Tert,Quat,Tert,Quat,AdminPub,GovtServ,TRUE,FALSE,FALSE,FALSE,FALSE,MacPix_F,,,
236,MacPix_R,Commoner,Renter,Tributary,HA,Male,TRUE,OccuSpec,1,1,1,1,1,1,1,1,1,0,1,1,0,0,1,1,0,0,1,1,1,0,FALSE,MacPix,MacPix,MacPix_R,R,R,Headmen of 100,Mandones de 100,Macuiltecpanpixque,Tert,Quat,Tert,Quat,AdminPub,GovtServ,TRUE,FALSE,FALSE,FALSE,FALSE,MacPix_R,,,
237,MacPix_U,Commoner,Uncertain,Tributary,HA,Male,TRUE,OccuSpec,1,1,1,1,1,1,1,1,1,0,1,1,0,0,1,1,0,0,1,1,1,0,FALSE,MacPix,MacPix,MacPix_U,U,U,Headmen of 100,Mandones de 100,Macuiltecpanpixque,Tert,Quat,Tert,Quat,AdminPub,GovtServ,TRUE,FALSE,FALSE,FALSE,FALSE,MacPix_U,,,
238,MacPix_N,Noble,Noble,Noble,HA,Male,TRUE,NobleSpec,0,0,1,0,1,0,1,1,1,0,0,0,1,1,0,0,0,0,0,0,1,0,FALSE,MacPix,MacPix,MacPix_N,N,N,Headmen of 100,Mandones de 100,Macuiltecpanpixque,Tert,Quat,Tert,Quat,AdminPub,GovtServ,TRUE,FALSE,FALSE,FALSE,FALSE,MacPix_N,,,
239,Constable_T,Commoner,Total,Tributary,HA,Male,TRUE,OccuSpec,1,1,1,1,1,1,1,1,1,1,1,1,0,0,1,1,0,0,1,1,1,1,FALSE,Constable,Constable,Constable_T,T,T,Constables,Merino,Tepanpixque,Tert,Quat,Tert,Quat,AdminPub,GovtServ,TRUE,FALSE,FALSE,FALSE,FALSE,Constable_T,,,
240,Constable_F,Commoner,Free,Tributary,HA,Male,TRUE,OccuSpec,1,1,1,1,1,1,1,1,1,0,1,0,0,0,1,0,0,0,1,0,1,0,FALSE,Constable,Constable,Constable_F,F,F,Constables,Merino,Tepanpixque,Tert,Quat,Tert,Quat,AdminPub,GovtServ,TRUE,FALSE,FALSE,FALSE,FALSE,Constable_F,,,
241,Constable_R,Commoner,Renter,Tributary,HA,Male,TRUE,OccuSpec,1,1,1,1,1,1,1,1,1,0,1,0,0,0,1,0,0,0,1,0,1,0,FALSE,Constable,Constable,Constable_R,R,R,Constables,Merino,Tepanpixque,Tert,Quat,Tert,Quat,AdminPub,GovtServ,TRUE,FALSE,FALSE,FALSE,FALSE,Constable_R,,,
242,Constable_U,Commoner,Uncertain,Tributary,HA,Male,TRUE,OccuSpec,1,1,1,1,1,1,1,1,1,0,1,0,0,0,1,0,0,0,1,0,1,0,FALSE,Constable,Constable,Constable_U,U,U,Constables,Merino,Tepanpixque,Tert,Quat,Tert,Quat,AdminPub,GovtServ,TRUE,FALSE,FALSE,FALSE,FALSE,Constable_U,,,
243,Fiscal_T,Commoner,Total,Tributary,HA,Male,TRUE,OccuSpec,1,1,1,1,1,1,1,1,1,1,1,1,0,0,1,1,0,0,1,1,1,1,FALSE,Fiscal,Fiscal,Fiscal_T,T,T,Fiscal,Fiscal,Tlapactlapia,Tert,Quat,Tert,Quat,AdminPub,FinAdmin,TRUE,FALSE,FALSE,FALSE,FALSE,Fiscal_T,,,
244,Fiscal_F,Commoner,Free,Tributary,HA,Male,TRUE,OccuSpec,1,1,1,1,1,1,1,1,1,0,1,0,0,0,1,0,0,0,1,0,1,0,FALSE,Fiscal,Fiscal,Fiscal_F,F,F,Fiscal,Fiscal,Tlapactlapia,Tert,Quat,Tert,Quat,AdminPub,FinAdmin,TRUE,FALSE,FALSE,FALSE,FALSE,Fiscal_F,,,
245,Fiscal_R,Commoner,Renter,Tributary,HA,Male,TRUE,OccuSpec,1,1,1,1,1,1,1,1,1,0,1,0,0,0,1,0,0,0,1,0,1,0,FALSE,Fiscal,Fiscal,Fiscal_R,R,R,Fiscal,Fiscal,Tlapactlapia,Tert,Quat,Tert,Quat,AdminPub,FinAdmin,TRUE,FALSE,FALSE,FALSE,FALSE,Fiscal_R,,,
246,Fiscal_U,Commoner,Uncertain,Tributary,HA,Male,TRUE,OccuSpec,1,1,1,1,1,1,1,1,1,0,1,0,0,0,1,0,0,0,1,0,1,0,FALSE,Fiscal,Fiscal,Fiscal_U,U,U,Fiscal,Fiscal,Tlapactlapia,Tert,Quat,Tert,Quat,AdminPub,FinAdmin,TRUE,FALSE,FALSE,FALSE,FALSE,Fiscal_U,,,
247,Catechist_T,Commoner,Total,Tributary,HA,Male,TRUE,OccuSpec,1,1,1,1,1,1,1,1,1,1,1,1,0,0,1,1,0,0,1,1,1,1,FALSE,Catechist,Catechist,Catechist_T,T,T,Catechists,Catequistas,Pipiltotontin quipia / quimocuitlavia / quimaana,Tert,Quat,Tert,Quat,AdminPub,ChurchEdu,TRUE,FALSE,FALSE,FALSE,TRUE,Catechist_T,,,
248,Catechist_F,Commoner,Free,Tributary,HA,Male,TRUE,OccuSpec,1,1,1,1,1,1,1,1,1,0,1,0,0,0,1,0,0,0,1,0,1,0,FALSE,Catechist,Catechist,Catechist_F,F,F,Catechists,Catequistas,Pipiltotontin quipia / quimocuitlavia / quimaana,Tert,Quat,Tert,Quat,AdminPub,ChurchEdu,TRUE,FALSE,FALSE,FALSE,TRUE,Catechist_F,,,
249,Catechist_R,Commoner,Renter,Tributary,HA,Male,TRUE,OccuSpec,1,1,1,1,1,1,1,1,1,0,1,0,0,0,1,0,0,0,1,0,1,0,FALSE,Catechist,Catechist,Catechist_R,R,R,Catechists,Catequistas,Pipiltotontin quipia / quimocuitlavia / quimaana,Tert,Quat,Tert,Quat,AdminPub,ChurchEdu,TRUE,FALSE,FALSE,FALSE,TRUE,Catechist_R,,,
250,Catechist_U,Commoner,Uncertain,Tributary,HA,Male,TRUE,OccuSpec,1,1,1,1,1,1,1,1,1,0,1,0,0,0,1,0,0,0,1,0,1,0,FALSE,Catechist,Catechist,Catechist_U,U,U,Catechists,Catequistas,Pipiltotontin quipia / quimocuitlavia / quimaana,Tert,Tert,Tert,Tert,AdminPub,ChurchEdu,TRUE,FALSE,FALSE,FALSE,TRUE,Catechist_U,,,
251,Singer_T,Commoner,Total,Tributary,HA,Male,TRUE,OccuSpec,1,1,1,1,1,1,1,1,1,1,1,0,0,0,1,0,0,0,1,0,1,1,FALSE,Singer,Singer,Singer_T,T,T,Church Singers,Cantores de la iglesia,Cuiconemme / Cuicani / Tlapitzque,Tert,Tert,Tert,Tert,AdminPub,ChurchServ,TRUE,FALSE,FALSE,FALSE,TRUE,Singer_T,,,
252,Singer_F,Commoner,Free,Tributary,HA,Male,TRUE,OccuSpec,1,1,1,1,1,1,1,1,1,0,1,1,0,0,1,1,0,0,1,1,1,0,FALSE,Singer,Singer,Singer_F,F,F,Church Singers,Cantores de la iglesia,Cuiconemme / Cuicani / Tlapitzque,Tert,Tert,Tert,Tert,AdminPub,ChurchServ,TRUE,FALSE,FALSE,FALSE,TRUE,Singer_F,,,
253,Singer_R,Commoner,Renter,Tributary,HA,Male,TRUE,OccuSpec,1,1,1,1,1,1,1,1,1,0,1,1,0,0,1,1,0,0,1,1,1,0,FALSE,Singer,Singer,Singer_R,R,R,Church Singers,Cantores de la iglesia,Cuiconemme / Cuicani / Tlapitzque,Tert,Tert,Tert,Tert,AdminPub,ChurchServ,TRUE,FALSE,FALSE,FALSE,TRUE,Singer_R,,,
254,Singer_U,Commoner,Uncertain,Tributary,HA,Male,TRUE,OccuSpec,1,1,1,1,1,1,1,1,1,0,1,1,0,0,1,1,0,0,1,1,1,0,FALSE,Singer,Singer,Singer_U,U,U,Church Singers,Cantores de la iglesia,Cuiconemme / Cuicani / Tlapitzque,Tert,Tert,Tert,Tert,AdminPub,ChurchServ,TRUE,FALSE,FALSE,FALSE,TRUE,Singer_U,,,
255,Singer_N,Noble,Noble,Noble,HA,Male,TRUE,NobleSpec,0,0,1,0,1,0,1,1,1,0,0,0,1,1,0,0,0,0,0,0,1,0,FALSE,Singer,Singer,Singer_N,N,N,Church Singers,Cantores de la iglesia,Cuiconemme / Cuicani / Tlapitzque,Tert,Tert,Tert,Tert,AdminPub,ChurchServ,TRUE,FALSE,FALSE,FALSE,TRUE,Singer_N,,,
256,Bell_T,Commoner,Total,Tributary,HA,Male,TRUE,OccuSpec,1,1,1,1,1,1,1,1,1,1,1,1,0,0,1,1,0,0,1,1,1,1,FALSE,Bell,Bell,Bell_T,T,T,BellRingers_T,Campanero,Tlatziliniani,Tert,Tert,Tert,Tert,AdminPub,ChurchServ,TRUE,FALSE,FALSE,FALSE,FALSE,Bell_T,,,
257,Bell_F,Commoner,Free,Tributary,HA,Male,TRUE,OccuSpec,1,1,1,1,1,1,1,1,1,0,1,0,0,0,1,0,0,0,1,0,1,0,FALSE,Bell,Bell,Bell_F,F,F,BellRingers_F,Campanero,Tlatziliniani,Tert,Tert,Tert,Tert,AdminPub,ChurchServ,TRUE,FALSE,FALSE,FALSE,FALSE,Bell_F,,,
258,Bell_R,Commoner,Renter,Tributary,HA,Male,TRUE,OccuSpec,1,1,1,1,1,1,1,1,1,0,1,0,0,0,1,0,0,0,1,0,1,0,FALSE,Bell,Bell,Bell_R,R,R,BellRingers_R,Campanero,Tlatziliniani,Tert,Tert,Tert,Tert,AdminPub,ChurchServ,TRUE,FALSE,FALSE,FALSE,FALSE,Bell_R,,,
259,Bell_U,Commoner,Uncertain,Tributary,HA,Male,TRUE,OccuSpec,1,1,1,1,1,1,1,1,1,0,1,0,0,0,1,0,0,0,1,0,1,0,FALSE,Bell,Bell,Bell_U,U,U,BellRingers_U,Campanero,Tlatziliniani,Tert,Tert,Tert,Tert,AdminPub,ChurchServ,TRUE,FALSE,FALSE,FALSE,FALSE,Bell_U,,,
260,Unk_T,Commoner,Total,Tributary,HA,Male,TRUE,OccuSpec,1,1,1,1,1,1,1,1,1,1,1,1,0,0,1,1,0,0,1,1,1,1,FALSE,Unk,Unk,Unk_T,T,T,Unknown Occupation,Oficio desconocido,NA,Unk,Unk,Unk,Unk,Unk,Unk,FALSE,FALSE,FALSE,FALSE,FALSE,Unk_T,,,
261,Unk_F,Commoner,Free,Tributary,HA,Male,TRUE,OccuSpec,1,1,1,1,1,1,1,1,1,0,1,0,0,0,1,0,0,0,1,0,1,0,FALSE,Unk,Unk,Unk_F,F,F,Unknown Occupation,Oficio desconocido,NA,Unk,Unk,Unk,Unk,Unk,Unk,FALSE,FALSE,FALSE,FALSE,FALSE,Unk_F,,,
262,Unk_R,Commoner,Renter,Tributary,HA,Male,TRUE,OccuSpec,1,1,1,1,1,1,1,1,1,0,1,0,0,0,1,0,0,0,1,0,1,0,FALSE,Unk,Unk,Unk_R,R,R,Unknown Occupation,Oficio desconocido,NA,Unk,Unk,Unk,Unk,Unk,Unk,FALSE,FALSE,FALSE,FALSE,FALSE,Unk_R,,,
263,Unk_U,Commoner,Uncertain,Tributary,HA,Male,TRUE,OccuSpec,1,1,1,1,1,1,1,1,1,0,1,0,0,0,1,0,0,0,1,0,1,0,FALSE,Unk,Unk,Unk_U,U,U,Unknown Occupation,Oficio desconocido,NA,Unk,Unk,Unk,Unk,Unk,Unk,FALSE,FALSE,FALSE,FALSE,FALSE,Unk_U,,,
264,Slave_T,Commoner,Total,Tributary,HA,Male,TRUE,OccuSpec,1,1,1,1,1,1,1,1,1,1,1,1,0,0,1,1,0,0,1,1,1,1,FALSE,Slave,Slave,Slave_T,T,T,Slaves,Esclavos,Tlacotin,Unk,Unk,Unk,Unk,Unk,Unk,FALSE,FALSE,FALSE,FALSE,FALSE,Slave_T,,,
265,Slave_F,Commoner,Free,Tributary,HA,Male,TRUE,OccuSpec,1,1,1,1,1,1,1,1,1,0,1,0,0,0,1,0,0,0,1,0,1,0,FALSE,Slave,Slave,Slave_F,F,F,Slaves,Esclavos,Tlacotin,Unk,Unk,Unk,Unk,Unk,Unk,FALSE,FALSE,FALSE,FALSE,FALSE,Slave_F,,,
266,Slave_R,Commoner,Renter,Tributary,HA,Male,TRUE,OccuSpec,1,1,1,1,1,1,1,1,1,0,1,0,0,0,1,0,0,0,1,0,1,0,FALSE,Slave,Slave,Slave_R,R,R,Slaves,Esclavos,Tlacotin,Unk,Unk,Unk,Unk,Unk,Unk,FALSE,FALSE,FALSE,FALSE,FALSE,Slave_R,,,
267,Slave_U,Commoner,Uncertain,Tributary,HA,Male,TRUE,OccuSpec,1,1,1,1,1,1,1,1,1,0,1,0,0,0,1,0,0,0,1,0,1,0,FALSE,Slave,Slave,Slave_U,U,U,Slaves,Esclavos,Tlacotin,Unk,Unk,Unk,Unk,Unk,Unk,FALSE,FALSE,FALSE,FALSE,FALSE,Slave_U,,,
268,PresentNotVisible_T,Commoner,Total,Tributary,HA,Male,TRUE,OccuSpec,1,1,1,1,1,1,1,1,1,1,1,1,0,0,1,1,0,0,1,1,1,1,FALSE,PresentNotVisible,PresentNotVisible,PresentNotVisible_T,T,T,Occupation present but not visible,Oficio presente pero no visible,NA,Unk,Unk,Unk,Unk,Unk,Unk,FALSE,FALSE,FALSE,FALSE,FALSE,PresentNotVisible_T,,,
269,PresentNotVisible_F,Commoner,Free,Tributary,HA,Male,TRUE,OccuSpec,1,1,1,1,1,1,1,1,1,0,1,0,0,0,1,0,0,0,1,0,1,0,FALSE,PresentNotVisible,PresentNotVisible,PresentNotVisible_F,F,F,Occupation present but not visible,Oficio presente pero no visible,NA,Unk,Unk,Unk,Unk,Unk,Unk,FALSE,FALSE,FALSE,FALSE,FALSE,PresentNotVisible_F,,,
270,PresentNotVisible_R,Commoner,Renter,Tributary,HA,Male,TRUE,OccuSpec,1,1,1,1,1,1,1,1,1,0,1,0,0,0,1,0,0,0,1,0,1,0,FALSE,PresentNotVisible,PresentNotVisible,PresentNotVisible_R,R,R,Occupation present but not visible,Oficio presente pero no visible,NA,Unk,Unk,Unk,Unk,Unk,Unk,FALSE,FALSE,FALSE,FALSE,FALSE,PresentNotVisible_R,,,
271,PresentNotVisible_U,Commoner,Uncertain,Tributary,HA,Male,TRUE,OccuSpec,1,1,1,1,1,1,1,1,1,0,1,0,0,0,1,0,0,0,1,0,1,0,FALSE,PresentNotVisible,PresentNotVisible,PresentNotVisible_U,U,U,Occupation present but not visible,Oficio presente pero no visible,NA,Unk,Unk,Unk,Unk,Unk,Unk,FALSE,FALSE,FALSE,FALSE,FALSE,PresentNotVisible_U,,,
272,CantSeeIfOccu_T,Commoner,Total,Tributary,HA,Male,TRUE,CantSeeIfOccu,1,1,1,1,1,1,1,1,1,1,1,1,0,0,1,1,0,0,1,0,1,0,FALSE,CantSeeIfOccu,CantSeeIfOccu,CantSeeIfOccu_T,T,T,Cannot see if occupation present,No se puede ver si hay oficios,NA,,,,,,,,,,,,CantSeeIfOccu_T,,,
273,CantSeeIfOccu_F,Commoner,Free,Tributary,HA,Male,TRUE,CantSeeIfOccu,1,1,1,1,1,1,1,1,1,0,1,0,0,0,1,0,0,0,1,0,1,0,FALSE,CantSeeIfOccu,CantSeeIfOccu,CantSeeIfOccu_F,F,F,Cannot see if occupation present,No se puede ver si hay oficios,NA,,,,,,,,,,,,CantSeeIfOccu_F,,,
274,CantSeeIfOccu_R,Commoner,Renter,Tributary,HA,Male,TRUE,CantSeeIfOccu,1,1,1,1,1,1,1,1,1,0,1,0,0,0,1,0,0,0,1,0,1,0,FALSE,CantSeeIfOccu,CantSeeIfOccu,CantSeeIfOccu_R,R,R,Cannot see if occupation present,No se puede ver si hay oficios,NA,,,,,,,,,,,,CantSeeIfOccu_R,,,
275,CantSeeIfOccu_U,Commoner,Uncertain,Tributary,HA,Male,TRUE,CantSeeIfOccu,1,1,1,1,1,1,1,1,1,0,1,0,0,0,1,0,0,0,1,0,1,0,FALSE,CantSeeIfOccu,CantSeeIfOccu,CantSeeIfOccu_U,U,U,Cannot see if occupation present,No se puede ver si hay oficios,NA,,,,,,,,,,,,CantSeeIfOccu_U,,,
