ORD,Name,BarrioName,Pueblo,FolioStart,Unit,East,North,AggZone_fid,AggZone_ID,AggZone,AggZoneConserv,AggZoneNumConserv,ConservAgg_East,ConservAgg_North,LocFlag,Barrios,Region,CensusReg,NameUncertain,MissingPages,PuebloEvang,PuebloFullName,Churches,Mills,Inns,Markets,Ciudad,Cabecera,Altepetl,Calpolli,BarrioSujetoB,CircleRenters
1,Tecpan-Tecpan,Tecpan,Tecpan,482v,Barrio,558749.9108,2117475.327,12,112,Acxotlan Tecpan,Tecpan,1,562467,2118569,FALSE,1,Central,Ciudad,FALSE,FALSE,San Juan,San Juan Tecpan,0,0,0,0,0,0,0,1,0,0
2,Tecpan-Cuauhquiahuac,Cuauhquiahuac,Tecpan,483r,Barrio,559638.2133,2118040.279,12,112,Acxotlan Tecpan,Tecpan,1,562467,2118569,FALSE,1,Central,Ciudad,FALSE,FALSE,San Juan,San Juan Tecpan,0,0,0,0,0,0,0,1,0,0
3,Tecpan-Zocuinanco,Zocuinanco,Tecpan,483v,Barrio,560380.3437,2118543.811,1,101,Ciudad Huexotzinco,Tecpan,1,562467,2118569,FALSE,1,Central,Ciudad,FALSE,FALSE,San Juan,San Juan Tecpan,0,0,0,0,0,0,0,1,0,0
4,Tecpan-Tlacochcalco1,Tlacochcalco1,Tecpan,484r,Barrio,561141.7429,2118504.177,1,101,Ciudad Huexotzinco,Tecpan,1,562467,2118569,FALSE,1,Central,Ciudad,FALSE,FALSE,San Juan,San Juan Tecpan,0,0,0,0,0,0,0,1,0,0
5,Tecpan-Tepetlapan,Tepetlapan,Tecpan,484v,Barrio,562397.8677,2119790.979,1,101,Ciudad Huexotzinco,Tecpan,1,562467,2118569,FALSE,1,Central,Ciudad,FALSE,FALSE,San Juan,San Juan Tecpan,0,0,0,0,0,0,0,1,0,0
6,Tecpan-Pochtlan,Pochtlan,Tecpan,485r,Barrio,562881.4491,2120328.268,10,110,Mextla,Tecpan,1,562467,2118569,FALSE,1,Central,Ciudad,FALSE,FALSE,San Juan,San Juan Tecpan,0,0,0,0,0,0,0,1,0,0
7,Tecpan-Cihuatichan,Cihuatichan,Tecpan,485v,Barrio,563429.8129,2119545.36,10,110,Mextla,Tecpan,1,562467,2118569,FALSE,1,Central,Ciudad,FALSE,FALSE,San Juan,San Juan Tecpan,0,0,0,0,0,0,0,1,0,0
8,Tecpan-Tepoliuhcan,Tepoliuhcan,Tecpan,486r,Barrio,563378.4675,2116378.032,27,127,Zacatepec,Tecpan,1,562467,2118569,FALSE,1,Central,UNK,FALSE,FALSE,San Juan,San Juan Tecpan,0,0,0,0,0,0,0,1,0,0
9,Tecpan-Tlamaoco,Tlamaoco,Tecpan,486v,Barrio,564763.7706,2116020.186,27,127,Zacatepec,Tecpan,1,562467,2118569,FALSE,1,Central,UNK,FALSE,FALSE,San Juan,San Juan Tecpan,0,0,0,0,0,0,0,1,0,0
10,Tecpan-Tlacochcalco2,Tlacochcalco2,Tecpan,487r,Barrio,565502.707,2115141.689,27,127,Zacatepec,Tecpan,1,562467,2118569,FALSE,1,Central,UNK,FALSE,FALSE,San Juan,San Juan Tecpan,0,0,0,0,0,0,0,1,0,0
11,Tecpan-Xochitlan,Xochitlan,Tecpan,487v,Barrio,561258.5283,2117073.172,1,101,Ciudad Huexotzinco,Tecpan,1,562467,2118569,TRUE,1,Central,Ciudad,FALSE,FALSE,San Juan,San Juan Tecpan,0,0,0,0,0,0,0,1,0,0
12,Tecpan-Tlachichilco,Tlachichilco,Tecpan,488r,Barrio,551250.5416,2116886.551,28,128,Tlachichilco,Tecpan,1,562467,2118569,FALSE,1,Central,Ciudad,FALSE,FALSE,San Juan,San Juan Tecpan,0,0,0,0,0,0,0,0,1,0
13,Tecpan-Church Singers,Church Singers,Tecpan,MISSING,Total,562681.6374,2115362.612,27,127,Zacatepec,Tecpan,1,562467,2118569,FALSE,1,Central,Ciudad,FALSE,FALSE,San Juan,San Juan Tecpan,0,0,0,0,0,0,0,0,0,0
14,Tecpan-Nobles Ciudad,Nobles Ciudad,Tecpan,685v,Nobles,562394.0443,2119033.268,1,101,Ciudad Huexotzinco,Tecpan,1,562467,2118569,FALSE,0,Central,Ciudad,FALSE,FALSE,San Juan,San Juan Tecpan,2,0,1,1,1,1,1,0,0,0
15,Tecpan-Nobles Totollac,Nobles Totollac,Tecpan,685v,Nobles,556739.2379,2117841.483,12,112,Acxotlan Tecpan,Tecpan,1,562467,2118569,FALSE,0,Central,Ciudad,FALSE,FALSE,San Juan,San Juan Tecpan,0,0,0,0,0,0,0,0,0,0
16,Xaltepetlapan-Chimalpan,Chimalpan,Xaltepetlapan,495v,Barrio,561251.5868,2115362.97,33,133,Ahuatepec,Xaltepetlapan,2,557165.9201,2116470.621,FALSE,1,Central,UNK,FALSE,FALSE,Santiago,Santiago Xaltepetlapan,0,0,0,0,0,0,0,1,0,0
17,Xaltepetlapan-Mihuacan,Mihuacan,Xaltepetlapan,496r,Barrio,558735.6553,2116070.233,31,131,Xaltepetlapan,Xaltepetlapan,2,557165.9201,2116470.621,FALSE,1,Central,Ciudad,FALSE,FALSE,Santiago,Santiago Xaltepetlapan,0,0,0,0,0,0,0,1,0,0
18,Xaltepetlapan-Izquitlan,Izquitlan,Xaltepetlapan,496v,Barrio,559948.8939,2116832.607,33,133,Ahuatepec,Xaltepetlapan,2,557165.9201,2116470.621,FALSE,1,Central,Ciudad,FALSE,FALSE,Santiago,Santiago Xaltepetlapan,0,0,0,0,0,0,0,1,0,0
19,Xaltepetlapan-Tlacochcalco,Tlacochcalco,Xaltepetlapan,497r,Barrio,560328.2851,2118151.664,1,101,Ciudad Huexotzinco,Xaltepetlapan,2,557165.9201,2116470.621,FALSE,1,Central,Ciudad,FALSE,FALSE,Santiago,Santiago Xaltepetlapan,0,0,0,0,0,0,0,1,0,0
20,Xaltepetlapan-Contlan,Contlan,Xaltepetlapan,497v,Barrio,560973.7605,2117713.904,1,101,Ciudad Huexotzinco,Xaltepetlapan,2,557165.9201,2116470.621,FALSE,1,Central,Ciudad,FALSE,FALSE,Santiago,Santiago Xaltepetlapan,0,0,0,0,0,0,0,1,0,0
21,Xaltepetlapan-Tlilhuacan,Tlilhuacan,Xaltepetlapan,498r,Barrio,558677.944,2116757.293,31,131,Xaltepetlapan,Xaltepetlapan,2,557165.9201,2116470.621,FALSE,1,Central,Ciudad,FALSE,FALSE,Santiago,Santiago Xaltepetlapan,0,0,0,0,0,0,0,1,0,0
22,Xaltepetlapan-Tenantitlan,Tenantitlan,Xaltepetlapan,498v,Barrio,561502.6935,2111603.54,32,132,Tepalcatepec,Xaltepetlapan,2,557165.9201,2116470.621,FALSE,1,Central,Ciudad,FALSE,FALSE,Santiago,Santiago Xaltepetlapan,0,0,0,0,0,0,0,1,0,0
23,Xaltepetlapan-Tepec,Tepec,Xaltepetlapan,499r,Barrio,562085.582,2109895.038,32,132,Tepalcatepec,Xaltepetlapan,2,557165.9201,2116470.621,FALSE,1,Central,Surroundings,FALSE,FALSE,Santiago,Santiago Xaltepetlapan,0,0,0,0,0,0,0,1,0,0
24,Xaltepetlapan-Tlalteca aguacan,Tlalteca aguacan,Xaltepetlapan,499v,Barrio,557110.9391,2116036.229,31,131,Xaltepetlapan,Xaltepetlapan,2,557165.9201,2116470.621,FALSE,1,Central,Surroundings,TRUE,FALSE,Santiago,Santiago Xaltepetlapan,0,0,0,0,0,0,0,1,0,0
25,Xaltepetlapan-Tlaucalcatl,Tlaucalcatl,Xaltepetlapan,500r,Barrio,549916.045,2116084.125,29,129,Atexcac,Xaltepetlapan,2,557165.9201,2116470.621,FALSE,1,Central,UNK,FALSE,FALSE,Santiago,Santiago Xaltepetlapan,0,0,0,0,0,0,0,1,0,0
26,Xaltepetlapan-Tlaxisco,Tlaxisco,Xaltepetlapan,500v,Barrio,554496.3378,2116380.828,29,129,Atexcac,Xaltepetlapan,2,557165.9201,2116470.621,FALSE,1,Central,Ciudad,FALSE,FALSE,Santiago,Santiago Xaltepetlapan,0,0,0,0,0,0,0,1,0,0
27,Xaltepetlapan-Huitzilhuacan,Huitzilhuacan,Xaltepetlapan,501r,Barrio,560277.0643,2116243.356,33,133,Ahuatepec,Xaltepetlapan,2,557165.9201,2116470.621,FALSE,1,Central,Ciudad,FALSE,FALSE,Santiago,Santiago Xaltepetlapan,0,0,0,0,0,0,0,1,0,0
28,Xaltepetlapan-Acolhuacan,Acolhuacan,Xaltepetlapan,501v,Barrio,559073.754,2126171.148,18,118,Coxtocan,Xaltepetlapan,2,557165.9201,2116470.621,TRUE,1,Central,Surroundings,FALSE,FALSE,Santiago,Santiago Xaltepetlapan,0,0,0,0,0,0,0,0,1,0
29,Xaltepetlapan-Nobles Xaltepetlapan,Nobles Xaltepetlapan,Xaltepetlapan,735v,Nobles,557165.9201,2116470.621,31,131,Xaltepetlapan,Xaltepetlapan,2,557165.9201,2116470.621,FALSE,0,Central,Ciudad,FALSE,FALSE,Santiago,Santiago Xaltepetlapan,0,0,0,0,0,1,1,0,0,0
30,Xaltepetlapan-Nobles Ciudad,Nobles Ciudad,Xaltepetlapan,735v,Nobles,562642.2148,2119119.79,1,101,Ciudad Huexotzinco,Xaltepetlapan,2,557165.9201,2116470.621,FALSE,0,Central,Ciudad,FALSE,FALSE,Santiago,Santiago Xaltepetlapan,0,0,0,0,0,0,0,0,0,0
31,Xaltepetlapan-Nobles East,Nobles East,Xaltepetlapan,735v,Nobles,560599.5448,2115984.545,33,133,Ahuatepec,Xaltepetlapan,2,557165.9201,2116470.621,FALSE,0,Central,UNK,FALSE,FALSE,Santiago,Santiago Xaltepetlapan,0,0,0,0,0,0,0,0,0,0
32,Xaltepetlapan-Nobles West,Nobles West,Xaltepetlapan,735v,Nobles,553859.9743,2116383.859,29,129,Atexcac,Xaltepetlapan,2,557165.9201,2116470.621,FALSE,0,Central,Ciudad,FALSE,FALSE,Santiago,Santiago Xaltepetlapan,0,0,0,0,0,0,0,0,0,0
33,Xaltepetlapan-Nobles South,Nobles South,Xaltepetlapan,735v,Nobles,561580.3013,2111827.157,32,132,Tepalcatepec,Xaltepetlapan,2,557165.9201,2116470.621,FALSE,0,Central,Surroundings,FALSE,FALSE,Santiago,Santiago Xaltepetlapan,0,0,0,0,0,0,0,0,0,0
34,Tlanicontlan-Tlanicontlan,Tlanicontlan,Tlanicontlan,647r,Barrio,557212.8514,2116835.842,31,131,Xaltepetlapan,Tlanicontlan,3,557146.3316,2116813.984,FALSE,1,Central,Ciudad,FALSE,FALSE,San Simon,San Simon Tlanicontlan,0,0,0,0,0,0,0,1,0,0
35,Tlanicontlan-Huexotitlan,Huexotitlan,Tlanicontlan,647v,Barrio,558016.0558,2117104.988,31,131,Xaltepetlapan,Tlanicontlan,3,557146.3316,2116813.984,FALSE,1,Central,Ciudad,FALSE,FALSE,San Simon,San Simon Tlanicontlan,0,0,0,0,0,0,0,1,0,0
36,Tlanicontlan-Pochtlan,Pochtlan,Tlanicontlan,648r,Barrio,563073.3294,2120145.733,10,110,Mextla,Tlanicontlan,3,557146.3316,2116813.984,TRUE,1,Central,Ciudad,FALSE,FALSE,San Simon,San Simon Tlanicontlan,0,0,0,0,0,0,0,1,0,0
37,Tlanicontlan-Tepetitlan,Tepetitlan,Tlanicontlan,648v,Barrio,561054.8884,2114253.808,33,133,Ahuatepec,Tlanicontlan,3,557146.3316,2116813.984,FALSE,1,Central,UNK,FALSE,FALSE,San Simon,San Simon Tlanicontlan,0,0,0,0,0,0,0,1,0,0
38,Tlanicontlan-Tenanco,Tenanco,Tlanicontlan,649r,Barrio,559370.2952,2114685.903,33,133,Ahuatepec,Tlanicontlan,3,557146.3316,2116813.984,FALSE,1,Central,UNK,FALSE,FALSE,San Simon,San Simon Tlanicontlan,0,0,0,0,0,0,0,1,0,0
39,Tlanicontlan-Huizilhuacan,Huizilhuacan,Tlanicontlan,649v,Barrio,556134.4189,2116493.554,29,129,Atexcac,Tlanicontlan,3,557146.3316,2116813.984,FALSE,1,Central,Ciudad,FALSE,FALSE,San Simon,San Simon Tlanicontlan,0,0,0,0,0,0,0,1,0,0
40,Tlanicontlan-Xochimilco,Xochimilco,Tlanicontlan,650r,Barrio,565444.6549,2114064.319,27,127,Zacatepec,Tlanicontlan,3,557146.3316,2116813.984,TRUE,1,Central,UNK,FALSE,FALSE,San Simon,San Simon Tlanicontlan,0,0,0,0,0,0,0,0,1,0
41,Tlanicontlan-Acolhuacan,Acolhuacan,Tlanicontlan,650v,Barrio,563646.8015,2112976.889,27,127,Zacatepec,Tlanicontlan,3,557146.3316,2116813.984,TRUE,1,Central,UNK,FALSE,FALSE,San Simon,San Simon Tlanicontlan,0,0,0,0,0,0,0,0,1,0
42,Tlanicontlan-Tlaxcalteca,Tlaxcalteca,Tlanicontlan,651r,Barrio,563439.9879,2113229.601,27,127,Zacatepec,Tlanicontlan,3,557146.3316,2116813.984,TRUE,1,Central,UNK,FALSE,FALSE,San Simon,San Simon Tlanicontlan,0,0,0,0,0,0,0,0,1,0
43,Tlanicontlan-Nobles Tlanicontlan,Nobles Tlanicontlan,Tlanicontlan,758v,Nobles,557146.3316,2116813.984,31,131,Xaltepetlapan,Tlanicontlan,3,557146.3316,2116813.984,FALSE,0,Central,Ciudad,FALSE,FALSE,San Simon,San Simon Tlanicontlan,0,0,0,0,0,0,1,0,0,0
44,Tlanicontlan-Nobles South,Nobles South,Tlanicontlan,758v,Nobles,561054.8537,2113904.977,33,133,Ahuatepec,Tlanicontlan,3,557146.3316,2116813.984,FALSE,0,Central,UNK,FALSE,FALSE,San Simon,San Simon Tlanicontlan,0,0,0,0,0,0,0,0,0,0
45,Tlanicontlan-Nobles Zacatepec,Nobles Zacatepec,Tlanicontlan,758v,Nobles,565054.5455,2113811.508,27,127,Zacatepec,Tlanicontlan,3,557146.3316,2116813.984,FALSE,0,Central,UNK,FALSE,FALSE,San Simon,San Simon Tlanicontlan,0,0,0,0,0,0,0,0,0,0
46,Tlanicontlan-Nobles Chiauhtzinco,Nobles Chiauhtzinco,Tlanicontlan,758v,Nobles,556481.471,2123088.643,14,114,Tepoliuhcan,Tlanicontlan,3,557146.3316,2116813.984,FALSE,0,Central,Ciudad,FALSE,FALSE,San Simon,San Simon Tlanicontlan,0,0,0,0,0,0,0,0,0,0
47,Tlayacanque-Tlayacanque,Tlayacanque,Tlayacanque,535r,Barrio,547937.1188,2117143.098,30,130,Tlayacaque,Tlayacanque,4,547937.1188,2117143.098,FALSE,1,Central,Ciudad,TRUE,FALSE,San Sebastian,San Sebastian Tlayacanque,0,0,0,0,0,0,0,1,0,0
48,Tlayacanque-Tlatlauhcan,Tlatlauhcan,Tlayacanque,536r,Barrio,544857.9898,2138022.101,40,206,Apapaztlan,Tlayacanque,4,547937.1188,2117143.098,TRUE,1,North,Surroundings,TRUE,FALSE,San Sebastian,San Sebastian Tlayacanque,0,0,0,0,0,0,0,1,0,0
49,Tlayacanque-Nobles Tlayacaque,Nobles Tlayacaque,Tlayacanque,748v,Nobles,548125.085,2117258.772,30,130,Tlayacaque,Tlayacanque,4,547937.1188,2117143.098,FALSE,0,Central,Ciudad,FALSE,FALSE,San Sebastian,San Sebastian Tlayacanque,0,0,0,0,0,0,1,0,0,0
50,Tlayacanque-Nobles Atzompan,Nobles Atzompan,Tlayacanque,748v,Nobles,549924.0999,2122032.256,20,120,Atzompan,Tlayacanque,4,547937.1188,2117143.098,FALSE,0,Central,Ciudad,FALSE,FALSE,San Sebastian,San Sebastian Tlayacanque,0,0,0,0,0,0,0,0,0,0
51,Tlayacanque-Nobles Tlatlauhcan,Nobles Tlatlauhcan,Tlayacanque,748v,Nobles,544531.2335,2137725.308,40,206,Apapaztlan,Tlayacanque,4,547937.1188,2117143.098,FALSE,0,North,Surroundings,FALSE,FALSE,San Sebastian,San Sebastian Tlayacanque,0,0,0,0,0,0,0,0,0,0
52,Tianquiztenco-Tlamaoco,Tlamaoco,Tianquiztenco,541v,Barrio,561536.6643,2121369.823,7,107,Xopanac Inn,Tianquiztenco,5,561848.9081,2120564.748,FALSE,1,Central,Ciudad,FALSE,FALSE,San Francisco,San Francisco Tianquiztenco,0,0,0,0,0,0,0,1,0,0
53,Tianquiztenco-Atenco,Atenco,Tianquiztenco,542r,Barrio,561848.9081,2120564.748,7,107,Xopanac Inn,Tianquiztenco,5,561848.9081,2120564.748,FALSE,1,Central,Ciudad,FALSE,FALSE,San Francisco,San Francisco Tianquiztenco,0,0,0,0,0,0,0,1,0,0
54,Tianquiztenco-Acolhuacan,Acolhuacan,Tianquiztenco,542v,Barrio,560765.6993,2120580.115,7,107,Xopanac Inn,Tianquiztenco,5,561848.9081,2120564.748,FALSE,1,Central,Ciudad,FALSE,FALSE,San Francisco,San Francisco Tianquiztenco,0,0,0,0,0,0,0,1,0,4
55,Tianquiztenco-Mexico Tenochtitlan,Mexico Tenochtitlan,Tianquiztenco,543r,Barrio,564383.3222,2120954.049,10,110,Mextla,Tianquiztenco,5,561848.9081,2120564.748,FALSE,1,Central,Ciudad,FALSE,FALSE,San Francisco,San Francisco Tianquiztenco,0,0,0,0,0,0,0,1,0,4
56,Tianquiztenco-Cuitlizco,Cuitlizco,Tianquiztenco,543v,Barrio,561952.3588,2119764.924,1,101,Ciudad Huexotzinco,Tianquiztenco,5,561848.9081,2120564.748,FALSE,1,Central,Ciudad,FALSE,FALSE,San Francisco,San Francisco Tianquiztenco,0,0,0,0,0,0,0,1,0,0
57,Tianquiztenco-Tequanipan,Tequanipan,Tianquiztenco,544r,Barrio,561449.8335,2119551.28,1,101,Ciudad Huexotzinco,Tianquiztenco,5,561848.9081,2120564.748,FALSE,1,Central,Ciudad,FALSE,FALSE,San Francisco,San Francisco Tianquiztenco,0,0,0,0,0,0,0,1,0,6
58,Tianquiztenco-Tlacocalco,Tlacocalco,Tianquiztenco,544v,Barrio,561029.9409,2119222.183,1,101,Ciudad Huexotzinco,Tianquiztenco,5,561848.9081,2120564.748,FALSE,1,Central,Ciudad,FALSE,FALSE,San Francisco,San Francisco Tianquiztenco,0,0,0,0,0,0,0,1,0,0
59,Tianquiztenco-Xilotzinco,Xilotzinco,Tianquiztenco,545r,Barrio,559738.3273,2119083.912,12,112,Acxotlan Tecpan,Tianquiztenco,5,561848.9081,2120564.748,FALSE,1,Central,Ciudad,FALSE,FALSE,San Francisco,San Francisco Tianquiztenco,0,0,0,0,0,0,0,1,0,0
60,Tianquiztenco-Nobles Ciudad,Nobles Ciudad,Tianquiztenco,708r,Nobles,561826.7707,2119280.016,1,101,Ciudad Huexotzinco,Tianquiztenco,5,561848.9081,2120564.748,FALSE,0,Central,Ciudad,FALSE,FALSE,San Francisco,San Francisco Tianquiztenco,0,0,0,0,0,0,1,0,0,0
61,Tianquiztenco-Nobles North,Nobles North,Tianquiztenco,708r,Nobles,561415.4924,2120898.482,7,107,Xopanac Inn,Tianquiztenco,5,561848.9081,2120564.748,FALSE,0,Central,Ciudad,FALSE,FALSE,San Francisco,San Francisco Tianquiztenco,0,0,0,0,0,0,0,0,0,0
62,Tianquiztenco-Nobles West,Nobles West,Tianquiztenco,708r,Nobles,559250.4857,2118790.932,12,112,Acxotlan Tecpan,Tianquiztenco,5,561848.9081,2120564.748,FALSE,0,Central,Ciudad,FALSE,FALSE,San Francisco,San Francisco Tianquiztenco,0,0,0,0,0,0,0,0,0,0
63,Tianquiztenco-Nobles South,Nobles South,Tianquiztenco,708r,Nobles,561310.3957,2117691.804,1,101,Ciudad Huexotzinco,Tianquiztenco,5,561848.9081,2120564.748,FALSE,0,Central,Ciudad,FALSE,FALSE,San Francisco,San Francisco Tianquiztenco,0,0,0,0,0,0,0,0,0,0
64,Acxotlan-Teocaltitlan,Teocaltitlan,Acxotlan,622r,Barrio,558113.0767,2118317.654,12,112,Acxotlan Tecpan,Acxotlan,6,559049.528,2118255.769,FALSE,1,Central,Ciudad,FALSE,FALSE,Santa Maria,Santa Maria Acxotlan,0,0,0,0,0,0,0,1,0,0
65,Acxotlan-Mizquipolco,Mizquipolco,Acxotlan,622v,Barrio,559049.528,2118255.769,12,112,Acxotlan Tecpan,Acxotlan,6,559049.528,2118255.769,FALSE,1,Central,Ciudad,FALSE,FALSE,Santa Maria,Santa Maria Acxotlan,0,0,0,0,0,0,0,1,0,0
66,Acxotlan-Coatlan,Coatlan,Acxotlan,623r,Barrio,559083.5981,2118723.566,12,112,Acxotlan Tecpan,Acxotlan,6,559049.528,2118255.769,FALSE,1,Central,Ciudad,FALSE,FALSE,Santa Maria,Santa Maria Acxotlan,0,0,0,0,0,0,0,1,0,0
67,Acxotlan-Tlecuilhuacan,Tlecuilhuacan,Acxotlan,623v,Barrio,557619.3609,2118331.312,12,112,Acxotlan Tecpan,Acxotlan,6,559049.528,2118255.769,FALSE,1,Central,Ciudad,FALSE,FALSE,Santa Maria,Santa Maria Acxotlan,0,0,0,0,0,0,0,1,0,0
68,Acxotlan-Chalchiuhtepec,Chalchiuhtepec,Acxotlan,624r,Barrio,556932.5474,2118057.635,12,112,Acxotlan Tecpan,Acxotlan,6,559049.528,2118255.769,FALSE,1,Central,Ciudad,FALSE,FALSE,Santa Maria,Santa Maria Acxotlan,0,0,0,0,0,0,0,1,0,0
69,Acxotlan-Ocuixco,Ocuixco,Acxotlan,624v,Barrio,558802.012,2118561.585,12,112,Acxotlan Tecpan,Acxotlan,6,559049.528,2118255.769,FALSE,1,Central,Ciudad,FALSE,FALSE,Santa Maria,Santa Maria Acxotlan,0,0,0,0,0,0,0,1,0,0
70,Acxotlan-Xaltepetlapan,Xaltepetlapan,Acxotlan,625r,Barrio,558326.7222,2118831.975,12,112,Acxotlan Tecpan,Acxotlan,6,559049.528,2118255.769,FALSE,1,Central,Ciudad,FALSE,FALSE,Santa Maria,Santa Maria Acxotlan,0,0,0,0,0,0,0,1,0,0
71,Acxotlan-Oxihuacan,Oxihuacan,Acxotlan,625v,Barrio,554007.9475,2121720.608,13,113,Zecalacoayan Aytec,Acxotlan,6,559049.528,2118255.769,TRUE,1,Central,Ciudad,FALSE,FALSE,Santa Maria,Santa Maria Acxotlan,0,0,0,0,0,0,0,1,0,0
72,Acxotlan-Tlalpican,Tlalpican,Acxotlan,626r,Barrio,557535.7514,2123794.772,22,122,Chiauhtzinco Plains,Acxotlan,6,559049.528,2118255.769,TRUE,1,Central,UNK,FALSE,FALSE,Santa Maria,Santa Maria Acxotlan,0,0,0,0,0,0,0,1,0,0
73,Acxotlan-Iztcoloco,Iztcoloco,Acxotlan,626v,Barrio,555393.0308,2121268.567,14,114,Tepoliuhcan,Acxotlan,6,559049.528,2118255.769,TRUE,1,Central,Ciudad,FALSE,FALSE,Santa Maria,Santa Maria Acxotlan,0,0,0,0,0,0,0,1,0,0
74,Acxotlan-Quetzalhuacan,Quetzalhuacan,Acxotlan,627r,Barrio,552679.5418,2125143.773,19,119,Mendocinas Tetla,Acxotlan,6,559049.528,2118255.769,TRUE,1,Central,UNK,FALSE,FALSE,Santa Maria,Santa Maria Acxotlan,0,0,0,0,0,0,0,1,0,0
75,Acxotlan-Xalpatol,Xalpatol,Acxotlan,629r,Barrio,547092.3302,2129188.912,44,210,Hueyacatitla,Xalpatol,7,550868,2130551,FALSE,1,North,Surroundings,FALSE,FALSE,Santa Maria,Santa Maria Acxotlan,0,0,0,0,0,0,0,1,0,0
76,Tocuillan-Tocuillan,Tocuillan,Tocuillan,613r,Barrio,559178.0927,2121128.812,8,108,Tocuillan,Tocuillan,8,559487.1843,2121143.791,FALSE,1,Central,Ciudad,FALSE,FALSE,San Bartolome,San Bartolome Tocuillan,0,0,0,0,0,0,0,1,0,0
77,Tocuillan-Onenepacon,Onenepacon,Tocuillan,613v,Barrio,560075.3016,2121078.561,8,108,Tocuillan,Tocuillan,8,559487.1843,2121143.791,FALSE,1,Central,Ciudad,TRUE,FALSE,San Bartolome,San Bartolome Tocuillan,0,0,0,0,0,0,0,1,0,0
78,Tocuillan-Acolhuaque,Acolhuaque,Tocuillan,614r,Barrio,560770.8644,2121442.071,7,107,Xopanac Inn,Tocuillan,8,559487.1843,2121143.791,FALSE,1,Central,Surroundings,FALSE,FALSE,San Bartolome,San Bartolome Tocuillan,0,0,1,0,0,0,0,0,1,0
79,Tocuillan-Tzacualticpac,Tzacualticpac,Tocuillan,615r,Barrio,559579.3578,2121788.356,8,108,Tocuillan,Tocuillan,8,559487.1843,2121143.791,FALSE,1,Central,Ciudad,FALSE,FALSE,San Bartolome,San Bartolome Tocuillan,0,0,0,0,0,0,0,1,0,0
80,Tocuillan-Tlaxcaltecapan,Tlaxcaltecapan,Tocuillan,615v,Barrio,562461.6867,2127801.164,17,117,Moyotzingo,Tocuillan,8,559487.1843,2121143.791,TRUE,1,Central,Surroundings,FALSE,FALSE,San Bartolome,San Bartolome Tocuillan,0,0,0,0,0,0,0,0,1,0
81,Tocuillan-Nobles Tocuillan,Nobles Tocuillan,Tocuillan,724v,Nobles,559487.1843,2121143.791,8,108,Tocuillan,Tocuillan,8,559487.1843,2121143.791,FALSE,0,Central,Ciudad,FALSE,FALSE,San Bartolome,San Bartolome Tocuillan,0,0,0,0,0,0,1,0,0,0
82,Tocuillan-Nobles Ciudad,Nobles Ciudad,Tocuillan,724v,Nobles,562143.7846,2118991.907,1,101,Ciudad Huexotzinco,Tocuillan,8,559487.1843,2121143.791,FALSE,0,Central,Ciudad,FALSE,FALSE,San Bartolome,San Bartolome Tocuillan,0,0,0,0,0,0,0,0,0,0
83,Coyotzinco-Coyotzinco,Coyotzinco,Coyotzinco,563r,Barrio,558981.605,2122691.832,5,105,Coyotzinco,Coyotzinco,9,558981.605,2122691.832,FALSE,1,Central,Ciudad,FALSE,FALSE,San Luis,San Luis Coyotzinco,0,1,0,0,0,0,1,0,1,0
84,Coyotzinco-Atlicholoayan,Atlicholoayan,Coyotzinco,566v,Barrio,561569.6857,2123881.259,26,126,Atlicholoayan,Coyotzinco,9,558981.605,2122691.832,FALSE,1,Central,Surroundings,FALSE,FALSE,San Luis,San Luis Coyotzinco,0,0,0,0,0,0,0,0,1,0
85,Coyotzinco-Tlamaoco,Tlamaoco,Coyotzinco,573v,Barrio,558132.8067,2122847.036,5,105,Coyotzinco,Coyotzinco,9,558981.605,2122691.832,FALSE,1,Central,Ciudad,FALSE,FALSE,San Luis,San Luis Coyotzinco,0,0,0,0,0,0,0,0,1,0
86,Coyotzinco-Zocuinanco,Zocuinanco,Coyotzinco,576r,Barrio,561234.6602,2122504.682,23,123,Calpultitlan,Coyotzinco,9,558981.605,2122691.832,FALSE,1,Central,Surroundings,FALSE,FALSE,San Luis,San Luis Coyotzinco,0,0,0,0,0,0,0,0,1,0
87,Tepetzinco-Tepetzinco,Tepetzinco,Tepetzinco,549v,Barrio,556235.122,2120132.724,4,104,Tepetzinco,Tepetzinco,10,556908.0913,2120907.855,FALSE,1,Central,Ciudad,FALSE,FALSE,San Esteban,San Esteban Tepetzinco,0,0,0,0,0,0,0,0,1,0
88,Tepetzinco-Tepoliuhcan,Tepoliuhcan,Tepetzinco,551r,Barrio,556838.3879,2121768.339,14,114,Tepoliuhcan,Tepetzinco,10,556908.0913,2120907.855,FALSE,1,Central,Ciudad,FALSE,FALSE,San Esteban,San Esteban Tepetzinco,0,0,0,0,0,0,0,0,1,0
89,Tepetzinco-Nobles Tepetzinco,Nobles Tepetzinco,Tepetzinco,703v,Nobles,556313.7187,2120093.234,4,104,Tepetzinco,Tepetzinco,10,556908.0913,2120907.855,FALSE,0,Central,Ciudad,FALSE,FALSE,San Esteban,San Esteban Tepetzinco,0,0,0,0,0,0,1,0,0,0
90,Tepetzinco-Nobles Xaxalpa,Nobles Xaxalpa,Tepetzinco,703v,Nobles,558383.4468,2122500.365,5,105,Coyotzinco,Tepetzinco,10,556908.0913,2120907.855,FALSE,0,Central,Ciudad,FALSE,FALSE,San Esteban,San Esteban Tepetzinco,0,0,0,0,0,0,0,0,0,0
91,Tepetzinco-Nobles Ciudad,Nobles Ciudad,Tepetzinco,703v,Nobles,562302.9029,2119198.224,1,101,Ciudad Huexotzinco,Tepetzinco,10,556908.0913,2120907.855,FALSE,0,Central,Ciudad,FALSE,FALSE,San Esteban,San Esteban Tepetzinco,0,0,0,0,0,0,0,0,0,0
92,Tepetzinco-Nobles Tlatquican,Nobles Tlatquican,Tepetzinco,703v,Nobles,556908.0913,2120907.855,14,114,Tepoliuhcan,Tepetzinco,10,556908.0913,2120907.855,FALSE,0,Central,Ciudad,FALSE,FALSE,San Esteban,San Esteban Tepetzinco,0,0,0,0,0,0,0,0,0,0
93,Tepetzinco-Nobles San Matias,Nobles San Matias,Tepetzinco,703v,Nobles,556312.0178,2121459.026,14,114,Tepoliuhcan,Tepetzinco,10,556908.0913,2120907.855,FALSE,0,Central,Ciudad,FALSE,FALSE,San Esteban,San Esteban Tepetzinco,0,0,0,0,0,0,0,0,0,0
94,Tepetzinco-Nobles Coyotepec,Nobles Coyotepec,Tepetzinco,703v,Nobles,557876.6983,2121860.491,5,105,Coyotzinco,Tepetzinco,10,556908.0913,2120907.855,FALSE,0,Central,Ciudad,FALSE,FALSE,San Esteban,San Esteban Tepetzinco,0,0,0,0,0,0,0,0,0,0
95,Tepetzinco-Nobles Tepoliuhcan,Nobles Tepoliuhcan,Tepetzinco,703v,Nobles,556957.4155,2121916.037,14,114,Tepoliuhcan,Tepetzinco,10,556908.0913,2120907.855,FALSE,0,Central,Ciudad,FALSE,FALSE,San Esteban,San Esteban Tepetzinco,0,0,0,0,0,0,0,0,0,0
96,Tepetzinco-Nobles Tenanco,Nobles Tenanco,Tepetzinco,703v,Nobles,555907.8672,2122311.784,14,114,Tepoliuhcan,Tepetzinco,10,556908.0913,2120907.855,FALSE,0,Central,Ciudad,FALSE,FALSE,San Esteban,San Esteban Tepetzinco,0,0,0,0,0,0,0,0,0,0
97,Tepetzinco-Nobles Tzompachca,Nobles Tzompachca,Tepetzinco,703v,Nobles,556114.5522,2122807.409,14,114,Tepoliuhcan,Tepetzinco,10,556908.0913,2120907.855,FALSE,0,Central,Ciudad,FALSE,FALSE,San Esteban,San Esteban Tepetzinco,0,0,0,0,0,0,0,0,0,0
98,Tepetzinco-Nobles Tenzacahuacan,Nobles Tenzacahuacan,Tepetzinco,703v,Nobles,556992.2396,2120163.451,4,104,Tepetzinco,Tepetzinco,10,556908.0913,2120907.855,FALSE,0,Central,Ciudad,FALSE,FALSE,San Esteban,San Esteban Tepetzinco,0,0,0,0,0,0,0,0,0,0
99,Tlatenco-Tlatenco,Tlatenco,Tlatenco,557v,Barrio,552531.8524,2119991.539,15,115,Tlatenco,Tlatenco,11,552875.5246,2120032.762,FALSE,1,Central,Ciudad,FALSE,FALSE,San Antonio,San Antonio Tlatenco,0,0,0,0,0,0,0,1,0,0
100,Tlatenco-Tlacaxoloc,Tlacaxoloc,Tlatenco,558r,Barrio,553968.5613,2120301.712,15,115,Tlatenco,Tlatenco,11,552875.5246,2120032.762,FALSE,1,Central,Ciudad,FALSE,FALSE,San Antonio,San Antonio Tlatenco,0,0,0,0,0,0,0,1,0,0
101,Tlatenco-Itzcotlan,Itzcotlan,Tlatenco,558v,Barrio,555540.6202,2121553.324,14,114,Tepoliuhcan,Tlatenco,11,552875.5246,2120032.762,FALSE,1,Central,Ciudad,FALSE,FALSE,San Antonio,San Antonio Tlatenco,0,0,0,0,0,0,0,1,0,0
102,Tlatenco-Analco Cuilotlan,Analco Cuilotlan,Tlatenco,559r,Barrio,556304.9955,2122288.404,14,114,Tepoliuhcan,Tlatenco,11,552875.5246,2120032.762,TRUE,1,Central,Ciudad,FALSE,FALSE,San Antonio,San Antonio Tlatenco,0,0,0,0,0,0,0,1,0,0
103,Tlatenco-Nobles Tlatenco,Nobles Tlatenco,Tlatenco,755v,Nobles,552875.5246,2120032.762,15,115,Tlatenco,Tlatenco,11,552875.5246,2120032.762,FALSE,0,Central,Ciudad,FALSE,FALSE,San Antonio,San Antonio Tlatenco,0,0,0,0,0,0,1,0,0,0
104,Tlatenco-Nobles Analco,Nobles Analco,Tlatenco,755v,Nobles,556307.1898,2122653.282,14,114,Tepoliuhcan,Tlatenco,11,552875.5246,2120032.762,FALSE,0,Central,Ciudad,FALSE,FALSE,San Antonio,San Antonio Tlatenco,0,0,0,0,0,0,0,0,0,0
105,Zecalacoayan-Cuixico,Cuixico,Zecalacoayan,591r,Barrio,553857.2902,2126380.929,19,119,Mendocinas Tetla,Zecalacoayan,12,553593.3941,2122709.252,FALSE,1,Central,Surroundings,TRUE,FALSE,San Nicolas,San Nicolas Zecalacoayan,0,0,0,0,0,0,0,1,0,0
106,Zecalacoayan-Tlacochcalco,Tlacochcalco,Zecalacoayan,591v,Barrio,555328.6135,2127794.68,19,119,Mendocinas Tetla,Zecalacoayan,12,553593.3941,2122709.252,FALSE,1,Central,Surroundings,FALSE,FALSE,San Nicolas,San Nicolas Zecalacoayan,0,0,0,0,0,0,0,1,0,0
107,Zecalacoayan-Telpozco,Telpozco,Zecalacoayan,592r,Barrio,554970.4001,2124927.297,22,122,Chiauhtzinco Plains,Zecalacoayan,12,553593.3941,2122709.252,FALSE,1,Central,Surroundings,TRUE,FALSE,San Nicolas,San Nicolas Zecalacoayan,0,0,0,0,0,0,0,1,0,0
108,Zecalacoayan-Totollan,Totollan,Zecalacoayan,592v,Barrio,556361.2348,2125001.96,22,122,Chiauhtzinco Plains,Zecalacoayan,12,553593.3941,2122709.252,TRUE,1,Central,Surroundings,FALSE,FALSE,San Nicolas,San Nicolas Zecalacoayan,0,0,0,0,0,0,0,1,0,0
109,Zecalacoayan-Tlalpican,Tlalpican,Zecalacoayan,593r,Barrio,557233.2943,2123919.395,22,122,Chiauhtzinco Plains,Zecalacoayan,12,553593.3941,2122709.252,TRUE,1,Central,UNK,FALSE,FALSE,San Nicolas,San Nicolas Zecalacoayan,0,0,0,0,0,0,0,1,0,0
110,Zecalacoayan-Achtocan,Achtocan,Zecalacoayan,593v,Barrio,558570.3115,2123580.266,22,122,Chiauhtzinco Plains,Zecalacoayan,12,553593.3941,2122709.252,FALSE,1,Central,Surroundings,FALSE,FALSE,San Nicolas,San Nicolas Zecalacoayan,0,0,0,0,0,0,0,1,0,0
111,Zecalacoayan-Ocotitlan,Ocotitlan,Zecalacoayan,594r,Barrio,553720.6657,2123507.152,13,113,Zecalacoayan Aytec,Zecalacoayan,12,553593.3941,2122709.252,FALSE,1,Central,Ciudad,FALSE,FALSE,San Nicolas,San Nicolas Zecalacoayan,0,0,0,0,0,0,0,1,0,0
112,Zecalacoayan-Tezcacohuac,Tezcacohuac,Zecalacoayan,594v,Barrio,552589.8672,2121851.901,13,113,Zecalacoayan Aytec,Zecalacoayan,12,553593.3941,2122709.252,FALSE,1,Central,Ciudad,FALSE,FALSE,San Nicolas,San Nicolas Zecalacoayan,0,0,0,0,0,0,0,1,0,0
113,Zecalacoayan-Tlacaxoloc,Tlacaxoloc,Zecalacoayan,595r,Barrio,553972.2731,2120432.83,15,115,Tlatenco,Zecalacoayan,12,553593.3941,2122709.252,FALSE,1,Central,Ciudad,FALSE,FALSE,San Nicolas,San Nicolas Zecalacoayan,0,0,0,0,0,0,0,1,0,0
114,Zecalacoayan-Chiconquiyauhco,Chiconquiyauhco,Zecalacoayan,595v,Barrio,551838.6478,2120415.681,15,115,Tlatenco,Zecalacoayan,12,553593.3941,2122709.252,FALSE,1,Central,Ciudad,FALSE,FALSE,San Nicolas,San Nicolas Zecalacoayan,0,0,0,0,0,0,0,1,0,0
115,Zecalacoayan-Ahuacuauhtitlan,Ahuacuauhtitlan,Zecalacoayan,596r,Barrio,550495.6944,2125482.398,21,121,Malinaltepec,Zecalacoayan,12,553593.3941,2122709.252,FALSE,1,Central,Surroundings,FALSE,FALSE,San Nicolas,San Nicolas Zecalacoayan,0,0,0,0,0,0,0,0,1,0
116,Zecalacoayan-Nobles Zecalacoayan,Nobles Zecalacoayan,Zecalacoayan,744v,Nobles,553593.3941,2122709.252,13,113,Zecalacoayan Aytec,Zecalacoayan,12,553593.3941,2122709.252,FALSE,0,Central,Ciudad,FALSE,FALSE,San Nicolas,San Nicolas Zecalacoayan,0,0,0,0,0,0,1,0,0,0
117,Zecalacoayan-Nobles Totolac,Nobles Totolac,Zecalacoayan,744v,Nobles,556117.8645,2124239.243,22,122,Chiauhtzinco Plains,Zecalacoayan,12,553593.3941,2122709.252,FALSE,0,Central,Surroundings,FALSE,FALSE,San Nicolas,San Nicolas Zecalacoayan,0,0,0,0,0,0,0,0,0,0
118,Zecalacoayan-Nobles Cuixico,Nobles Cuixico,Zecalacoayan,744v,Nobles,554143.494,2126560.151,19,119,Mendocinas Tetla,Zecalacoayan,12,553593.3941,2122709.252,FALSE,0,Central,Surroundings,FALSE,FALSE,San Nicolas,San Nicolas Zecalacoayan,0,0,0,0,0,0,0,0,0,0
119,Chiauhtzinco-Almoyahuacapan,Almoyahuacapan,Chiauhtzinco,602r,Barrio,554241.7764,2121416.909,13,113,Zecalacoayan Aytec,Chiauhtzinco,13,556028,2123374,FALSE,1,Central,Ciudad,TRUE,FALSE,San Lorenzo,San Lorenzo Chiauhtzinco,0,0,0,0,0,0,0,1,0,0
120,Chiauhtzinco-Tzompachcan,Tzompachcan,Chiauhtzinco,603r,Barrio,555983.1273,2122765.091,14,114,Tepoliuhcan,Chiauhtzinco,13,556028,2123374,FALSE,1,Central,Ciudad,FALSE,FALSE,San Lorenzo,San Lorenzo Chiauhtzinco,0,0,0,0,0,0,0,1,0,0
121,Chiauhtzinco-Ocotepec,Ocotepec,Chiauhtzinco,604r,Barrio,554339.1227,2122310.689,13,113,Zecalacoayan Aytec,Chiauhtzinco,13,556028,2123374,FALSE,1,Central,Ciudad,FALSE,FALSE,San Lorenzo,San Lorenzo Chiauhtzinco,0,0,0,0,0,0,0,1,0,0
122,Chiauhtzinco-Tepoliuhcan,Tepoliuhcan,Chiauhtzinco,605r,Barrio,556988.461,2122842.194,14,114,Tepoliuhcan,Chiauhtzinco,13,556028,2123374,FALSE,1,Central,Ciudad,FALSE,FALSE,San Lorenzo,San Lorenzo Chiauhtzinco,0,0,0,0,0,0,0,1,0,0
123,Chiauhtzinco-Acolhuacapan,Acolhuacapan,Chiauhtzinco,606r,Barrio,556443.7687,2123816.121,22,122,Chiauhtzinco Plains,Chiauhtzinco,13,556028,2123374,FALSE,1,Central,Surroundings,FALSE,FALSE,San Lorenzo,San Lorenzo Chiauhtzinco,0,0,0,0,0,0,0,0,1,0
124,Chiauhtzinco-Nobles Piedmont,Nobles Piedmont,Chiauhtzinco,740v,Nobles,554800.2559,2122394.707,13,113,Zecalacoayan Aytec,Chiauhtzinco,13,556028,2123374,FALSE,0,Central,Ciudad,FALSE,FALSE,San Lorenzo,San Lorenzo Chiauhtzinco,0,0,0,0,0,0,1,0,0,0
125,Chiauhtzinco-Nobles Ciudad,Nobles Ciudad,Chiauhtzinco,740v,Nobles,562481.3728,2119150.617,1,101,Ciudad Huexotzinco,Chiauhtzinco,13,556028,2123374,FALSE,0,Central,Ciudad,FALSE,FALSE,San Lorenzo,San Lorenzo Chiauhtzinco,0,0,0,0,0,0,0,0,0,0
126,Chiauhtzinco-Nobles Plain,Nobles Plain,Chiauhtzinco,740v,Nobles,556006.3572,2123837.839,22,122,Chiauhtzinco Plains,Chiauhtzinco,13,556028,2123374,FALSE,0,Central,Ciudad,FALSE,FALSE,San Lorenzo,San Lorenzo Chiauhtzinco,0,0,0,0,0,0,0,0,0,0
127,Chiauhtzinco-Nobles Tepoliuhcan,Nobles Tepoliuhcan,Chiauhtzinco,740v,Nobles,557028.2003,2122633.664,14,114,Tepoliuhcan,Chiauhtzinco,13,556028,2123374,FALSE,0,Central,Ciudad,FALSE,FALSE,San Lorenzo,San Lorenzo Chiauhtzinco,0,0,0,0,0,0,0,0,0,0
128,Atzompan-Tlayacanque1,Tlayacanque1,Atzompan,638r,Barrio,550780.8399,2122827.67,20,120,Atzompan,Atzompan,14,551326,2123427,TRUE,1,Central,Surroundings,TRUE,FALSE,San Agustin,San Agustin Atzompan,0,0,0,0,0,0,0,1,0,0
129,Atzompan-Mecapan,Mecapan,Atzompan,638v,Barrio,549998.4891,2123584.122,20,120,Atzompan,Atzompan,14,551326,2123427,TRUE,1,Central,Surroundings,FALSE,FALSE,San Agustin,San Agustin Atzompan,0,0,0,0,0,0,0,1,0,0
130,Atzompan-Tlamatlan,Tlamatlan,Atzompan,639r,Barrio,548433.4492,2125363.576,21,121,Malinaltepec,Atzompan,14,551326,2123427,TRUE,1,Central,Surroundings,TRUE,FALSE,San Agustin,San Agustin Atzompan,0,0,0,0,0,0,0,1,0,0
131,Atzompan-Ahuacuauhtitlan,Ahuacuauhtitlan,Atzompan,639v,Barrio,548827.4859,2126798.258,21,121,Malinaltepec,Atzompan,14,551326,2123427,FALSE,1,Central,Surroundings,FALSE,FALSE,San Agustin,San Agustin Atzompan,0,0,0,0,0,0,0,1,0,0
132,Atzompan-Malinaltepec,Malinaltepec,Atzompan,640r,Barrio,547840.9011,2127931.355,21,121,Malinaltepec,Atzompan,14,551326,2123427,FALSE,1,Central,Surroundings,FALSE,FALSE,San Agustin,San Agustin Atzompan,0,0,0,0,0,0,0,1,0,0
133,Atzompan-Tlayacanque2,Tlayacanque2,Atzompan,640v,Barrio,549009.4287,2120977.187,20,120,Atzompan,Atzompan,14,551326,2123427,TRUE,1,Central,Surroundings,TRUE,FALSE,San Agustin,San Agustin Atzompan,0,0,0,0,0,0,0,1,0,0
134,Atzompan-Cuauhtlan,Cuauhtlan,Atzompan,641r,Barrio,549890.6095,2119793.343,11,111,Tepulequique,Atzompan,14,551326,2123427,FALSE,1,Central,Ciudad,FALSE,FALSE,San Agustin,San Agustin Atzompan,0,0,0,0,0,0,0,1,0,0
135,Atzompan-Tepoloquique,Tepoloquique,Atzompan,641v,Barrio,547559.5043,2118869.289,11,111,Tepulequique,Atzompan,14,551326,2123427,FALSE,1,Central,Ciudad,FALSE,FALSE,San Agustin,San Agustin Atzompan,0,0,0,0,0,0,0,1,0,0
136,Atzompan-Teotliaya,Teotliaya,Atzompan,642r,Barrio,552106.2745,2124424.697,19,119,Mendocinas Tetla,Atzompan,14,551326,2123427,TRUE,1,Central,Surroundings,TRUE,FALSE,San Agustin,San Agustin Atzompan,0,0,0,0,0,0,0,0,1,0
137,Atzompan-Nobles Atzompan,Nobles Atzompan,Atzompan,720v,Nobles,550396.7816,2122501.71,20,120,Atzompan,Atzompan,14,551326,2123427,FALSE,0,Central,Ciudad,FALSE,FALSE,San Agustin,San Agustin Atzompan,0,0,0,0,0,0,1,0,0,0
138,Atzompan-Nobles Ciudad,Nobles Ciudad,Atzompan,720v,Nobles,562366.292,2118935.235,1,101,Ciudad Huexotzinco,Atzompan,14,551326,2123427,FALSE,0,Central,Ciudad,FALSE,FALSE,San Agustin,San Agustin Atzompan,0,0,0,0,0,0,0,0,0,0
139,Atenco-Missing1,Missing1,Atenco,MISSING,Barrio,566733.3305,2119522.656,24,124,Atenco North,Atenco,15,563731,2120649,TRUE,1,Central,Ciudad,TRUE,TRUE,Santa Cruz,Santa Cruz Atenco,0,0,0,0,0,0,0,0,0,0
140,Atenco-Missing2,Missing2,Atenco,MISSING,Barrio,565942.2896,2120663.772,24,124,Atenco North,Atenco,15,563731,2120649,TRUE,1,Central,Ciudad,TRUE,TRUE,Santa Cruz,Santa Cruz Atenco,0,0,0,0,0,0,0,0,0,0
141,Atenco-Huitzilhuacan,Huitzilhuacan,Atenco,658r,Barrio,564810.4703,2119750.844,24,124,Atenco North,Atenco,15,563731,2120649,FALSE,1,Central,Ciudad,FALSE,FALSE,Santa Cruz,Santa Cruz Atenco,0,0,0,0,0,0,0,1,0,0
142,Atenco-Cuauhquiahuac,Cuauhquiahuac,Atenco,658v,Barrio,565524.9236,2117139.966,9,109,Atenco South,Atenco,15,563731,2120649,FALSE,1,Central,Ciudad,FALSE,FALSE,Santa Cruz,Santa Cruz Atenco,0,0,0,0,0,0,0,1,0,0
143,Atenco-Tlacochcalco1,Tlacochcalco1,Atenco,659r,Barrio,567003.8969,2117388.318,9,109,Atenco South,Atenco,15,563731,2120649,FALSE,1,Central,UNK,FALSE,FALSE,Santa Cruz,Santa Cruz Atenco,0,0,0,0,0,0,0,1,0,0
144,Atenco-Tlamaoco,Tlamaoco,Atenco,660r,Barrio,566120.3306,2116428.812,9,109,Atenco South,Atenco,15,563731,2120649,FALSE,1,Central,UNK,FALSE,FALSE,Santa Cruz,Santa Cruz Atenco,0,0,0,0,0,0,0,1,0,0
145,Atenco-Tezoquipan,Tezoquipan,Atenco,660v,Barrio,564255.21,2118734.772,9,109,Atenco South,Atenco,15,563731,2120649,FALSE,1,Central,Ciudad,FALSE,FALSE,Santa Cruz,Santa Cruz Atenco,0,0,0,0,0,0,0,1,0,0
146,Atenco-Xalmimilolco,Xalmimilolco,Atenco,661r,Barrio,564989.235,2124020.299,25,125,Xalmimilolco,Atenco,15,563731,2120649,FALSE,1,Central,Surroundings,FALSE,FALSE,Santa Cruz,Santa Cruz Atenco,0,0,0,0,0,0,0,1,0,0
147,Atenco-Pahuacan,Pahuacan,Atenco,661v,Barrio,568108.2962,2120557.252,24,124,Atenco North,Atenco,15,563731,2120649,FALSE,1,Central,UNK,FALSE,FALSE,Santa Cruz,Santa Cruz Atenco,0,0,0,0,0,0,0,1,0,0
148,Atenco-Zacapechpan,Zacapechpan,Atenco,662r,Barrio,558295.546,2119962.934,6,106,Zacapechpan,Atenco,15,563731,2120649,FALSE,1,Central,Ciudad,FALSE,FALSE,Santa Cruz,Santa Cruz Atenco,0,0,0,0,0,0,0,1,0,0
149,Atenco-Tetitlan,Tetitlan,Atenco,662v,Barrio,559272.8689,2119429.512,6,106,Zacapechpan,Atenco,15,563731,2120649,FALSE,1,Central,Ciudad,FALSE,FALSE,Santa Cruz,Santa Cruz Atenco,0,0,0,0,0,0,0,1,0,0
150,Atenco-Zocuinanco,Zocuinanco,Atenco,663r,Barrio,560298.9779,2119578.718,6,106,Zacapechpan,Atenco,15,563731,2120649,FALSE,1,Central,Ciudad,FALSE,FALSE,Santa Cruz,Santa Cruz Atenco,0,0,0,0,0,0,0,1,0,0
151,Atenco-Tlilhuacan,Tlilhuacan,Atenco,663v,Barrio,567742.0287,2121637.08,24,124,Atenco North,Atenco,15,563731,2120649,FALSE,1,Central,UNK,FALSE,FALSE,Santa Cruz,Santa Cruz Atenco,0,0,0,0,0,0,0,1,0,0
152,Atenco-Tlacochcalco2,Tlacochcalco2,Atenco,664r,Barrio,567077.3193,2118391.381,9,109,Atenco South,Atenco,15,563731,2120649,FALSE,1,Central,UNK,FALSE,FALSE,Santa Cruz,Santa Cruz Atenco,0,0,0,0,0,0,0,1,0,0
153,Atenco-Cuauhtzinco,Cuauhtzinco,Atenco,664v,Barrio,563975.1572,2117523.379,9,109,Atenco South,Atenco,15,563731,2120649,FALSE,1,Central,Ciudad,FALSE,FALSE,Santa Cruz,Santa Cruz Atenco,0,0,0,0,0,0,0,1,0,0
154,Atenco-Teohuacan,Teohuacan,Atenco,665r,Barrio,565708.9531,2118242.179,9,109,Atenco South,Atenco,15,563731,2120649,FALSE,1,Central,Ciudad,TRUE,FALSE,Santa Cruz,Santa Cruz Atenco,0,0,0,0,0,0,0,1,0,0
155,Atenco-Aculhuacapan,Aculhuacapan,Atenco,666r,Barrio,566440.9177,2124096.983,25,125,Xalmimilolco,Atenco,15,563731,2120649,TRUE,1,Central,Surroundings,FALSE,FALSE,Santa Cruz,Santa Cruz Atenco,0,0,0,0,0,0,0,0,1,0
156,Atenco-Tlaxcaltecapan,Tlaxcaltecapan,Atenco,670r,Barrio,562048.6657,2130887.547,16,116,Temaxcalac,Atenco,15,563731,2120649,TRUE,1,Central,Surroundings,FALSE,FALSE,Santa Cruz,Santa Cruz Atenco,0,0,0,0,0,0,0,0,1,0
157,Atenco-Nobles Atenco,Nobles Atenco,Atenco,732r,Nobles,566350.1341,2120025.505,24,124,Atenco North,Atenco,15,563731,2120649,FALSE,0,Central,Ciudad,FALSE,FALSE,Santa Cruz,Santa Cruz Atenco,0,0,0,0,0,0,1,0,0,0
158,Atenco-Nobles Ciudad,Nobles Ciudad,Atenco,732r,Nobles,562770.817,2118852.665,1,101,Ciudad Huexotzinco,Atenco,15,563731,2120649,FALSE,0,Central,Ciudad,FALSE,FALSE,Santa Cruz,Santa Cruz Atenco,0,0,0,0,0,0,0,0,0,0
159,Almoyahuacan-Almoyahuacan,Almoyahuacan,Almoyahuacan,513r,Barrio,553630.394,2118384.435,3,103,Almoyahuacan,Almoyahuacan,16,554381,2118191,FALSE,1,Central,Ciudad,FALSE,FALSE,Santa Maria Asuncion,Santa Maria Asuncion Almoyahuacan,0,0,0,0,0,0,0,0,0,0
160,Almoyahuacan-Tecacallanco,Tecacallanco,Almoyahuacan,515r,Barrio,555229.6126,2118797.621,3,103,Almoyahuacan,Almoyahuacan,16,554381,2118191,FALSE,1,Central,Ciudad,FALSE,FALSE,Santa Maria Asuncion,Santa Maria Asuncion Almoyahuacan,0,0,0,0,0,0,0,0,0,0
161,Almoyahuacan-Nepopohualco,Nepopohualco,Almoyahuacan,517r,Barrio,555135.4266,2117813.91,34,134,Nepopohualco,Almoyahuacan,16,554381,2118191,FALSE,1,Central,Ciudad,FALSE,FALSE,Santa Maria Asuncion,Santa Maria Asuncion Almoyahuacan,0,0,0,0,0,0,0,0,0,0
162,Almoyahuacan-Nobles Almoyahuacan,Nobles Almoyahuacan,Almoyahuacan,711r,Nobles,553460.4091,2118553.063,3,103,Almoyahuacan,Almoyahuacan,16,554381,2118191,FALSE,0,Central,Ciudad,FALSE,FALSE,Santa Maria Asuncion,Santa Maria Asuncion Almoyahuacan,0,0,0,0,0,0,0,0,0,0
163,Almoyahuacan-Nobles Nepopualco,Nobles Nepopualco,Almoyahuacan,711r,Nobles,555246.7026,2117809.856,34,134,Nepopohualco,Almoyahuacan,16,554381,2118191,FALSE,0,Central,Ciudad,FALSE,FALSE,Santa Maria Asuncion,Santa Maria Asuncion Almoyahuacan,0,0,0,0,0,0,0,0,0,0
164,Ocotepec-Pochtlan,Pochtlan,Ocotepec,525r,Barrio,554772.2108,2119519.683,2,102,Ocotepec,Ocotepec,17,554229.1949,2119489.611,FALSE,1,Central,Ciudad,FALSE,FALSE,San Pablo,San Pablo Ocotepec,0,0,0,0,0,0,0,1,0,0
165,Ocotepec-Antzontzoncolecan,Antzontzoncolecan,Ocotepec,525v,Barrio,553902.8184,2119387.814,2,102,Ocotepec,Ocotepec,17,554229.1949,2119489.611,FALSE,1,Central,Ciudad,FALSE,FALSE,San Pablo,San Pablo Ocotepec,0,0,0,0,0,0,0,1,0,0
166,Ocotepec-Tlaxichco,Tlaxichco,Ocotepec,526r,Barrio,551126.5111,2118560.216,2,102,Ocotepec,Ocotepec,17,554229.1949,2119489.611,FALSE,1,Central,Ciudad,FALSE,FALSE,San Pablo,San Pablo Ocotepec,0,0,0,0,0,0,0,1,0,0
167,Ocotepec-Contlan,Contlan,Ocotepec,526v,Barrio,554745.7864,2120114.463,2,102,Ocotepec,Ocotepec,17,554229.1949,2119489.611,FALSE,1,Central,Ciudad,FALSE,FALSE,San Pablo,San Pablo Ocotepec,0,0,0,0,0,0,0,1,0,0
168,Ocotepec-Chimalpan,Chimalpan,Ocotepec,527r,Barrio,552322.4886,2119094.198,2,102,Ocotepec,Ocotepec,17,554229.1949,2119489.611,FALSE,1,Central,Ciudad,FALSE,FALSE,San Pablo,San Pablo Ocotepec,0,0,0,0,0,0,0,1,0,0
169,Ocotepec-Mexico,Mexico,Ocotepec,527v,Barrio,563661.1412,2120623.566,10,110,Mextla,Ocotepec,17,554229.1949,2119489.611,TRUE,1,Central,Ciudad,FALSE,FALSE,San Pablo,San Pablo Ocotepec,0,0,0,0,0,0,0,1,0,0
170,Ocotepec-Nepapatlcan Aculhuacapan,Nepapatlcan Aculhuacapan,Ocotepec,528r,Barrio,554298.6551,2125634.956,19,119,Mendocinas Tetla,Ocotepec,17,554229.1949,2119489.611,TRUE,1,Central,Surroundings,FALSE,FALSE,San Pablo,San Pablo Ocotepec,0,0,0,0,0,0,0,0,1,0
171,Ocotepec-Nobles Ocotepec,Nobles Ocotepec,Ocotepec,698v,Nobles,554229.1949,2119489.611,2,102,Ocotepec,Ocotepec,17,554229.1949,2119489.611,FALSE,0,Central,Ciudad,FALSE,TRUE,San Pablo,San Pablo Ocotepec,0,0,0,0,0,1,1,0,0,0
172,Ocotepec-Nobles Chiauhtzinco,Nobles Chiauhtzinco,Ocotepec,698v,Nobles,553951.1605,2122925.658,13,113,Zecalacoayan Aytec,Ocotepec,17,554229.1949,2119489.611,FALSE,0,Central,Ciudad,FALSE,FALSE,San Pablo,San Pablo Ocotepec,0,0,0,0,0,0,0,0,0,0
173,Tetzmollocan-Coatlichan,Coatlichan,Tetzmollocan,769v,Barrio,548304.2777,2133159.327,35,201,Coatlichan,Coatlichan,18,548304.2777,2133159.327,FALSE,1,North,San Salvador,FALSE,FALSE,Santa Maria,Santa Maria Tetzmollocan,0,0,0,0,0,0,1,0,1,11
174,Tetzmollocan-Tlalnahuac,Tlalnahuac,Tetzmollocan,772r,Barrio,546205.2043,2133047.318,36,202,Tlalnahuac,Tlalnahuac,19,546205.2043,2133047.318,FALSE,1,North,San Salvador,FALSE,FALSE,Santa Maria,Santa Maria Tetzmollocan,0,0,0,0,0,0,0,0,1,20
175,Tetzmollocan-Tianquiztenco,Tianquiztenco,Tetzmollocan,775r,Barrio,550113.481,2131958.133,37,203,San Salvador,Tianquiztenco,20,549572,2132795,FALSE,1,North,San Salvador,FALSE,FALSE,Santa Maria,Santa Maria Tetzmollocan,0,0,0,0,0,0,0,0,1,10
176,Tetzmollocan-Tenexcalco,Tenexcalco,Tetzmollocan,777r,Barrio,551381.1535,2135478.582,38,204,Tenexcalco,Tenexcalco,21,551381.1535,2135478.582,FALSE,1,North,San Salvador,FALSE,FALSE,Santa Maria,Santa Maria Tetzmollocan,0,0,0,0,0,0,0,0,1,12
177,Tetzmollocan-Tlallacallecan,Tlallacallecan,Tetzmollocan,781r,Barrio,552656.3752,2136706.879,39,205,Tlallancallecan,Tlallacallecan,22,552656.3752,2136706.879,FALSE,1,North,San Salvador,FALSE,FALSE,Santa Maria,Santa Maria Tetzmollocan,0,0,0,0,0,0,0,0,1,16
178,Tetzmollocan-Apapaztlan,Apapaztlan,Tetzmollocan,783r,Barrio,541753.6257,2139481.679,40,206,Apapaztlan,Apapaztlan,23,541753.6257,2139481.679,FALSE,1,North,San Salvador,FALSE,FALSE,Santa Maria,Santa Maria Tetzmollocan,0,0,1,0,0,0,0,0,1,11
179,Tetzmollocan-Amaxac,Amaxac,Tetzmollocan,785v,Barrio,546476.3723,2139138.774,41,207,Amaxac,Amaxac,24,546476.3723,2139138.774,FALSE,1,North,San Salvador,FALSE,FALSE,Santa Maria,Santa Maria Tetzmollocan,0,0,0,0,0,0,0,0,1,50
180,Tetzmollocan-Atlitztacan,Atlitztacan,Tetzmollocan,790v,Barrio,548975.6671,2143082.852,42,208,Autliztacan,Atlitztacan,25,548975.6671,2143082.852,FALSE,1,North,San Salvador,FALSE,FALSE,Santa Maria,Santa Maria Tetzmollocan,0,0,0,0,0,0,0,0,1,15
181,Tetzmollocan-Church Singers,Church Singers,Tetzmollocan,865r,Barrio,550725.0066,2132143.283,37,203,San Salvador,Church Singers,26,550776,2131818,FALSE,1,North,San Salvador,FALSE,FALSE,Santa Maria,Santa Maria Tetzmollocan,1,0,0,0,0,1,0,1,0,0
182,Teotlaltzinco-Teotlaltzinco,Teotlaltzinco,Teotlaltzinco,808v,Barrio,552371.9049,2126655.603,43,209,Teotlaltzinco,Teotlaltzinco,27,552371.9049,2126655.603,FALSE,1,North,San Salvador,FALSE,FALSE,San Felipe,San Felipe Teotlaltzinco,0,0,0,0,0,0,1,0,1,8
183,Teotlaltzinco-Tlapechuacan,Tlapechuacan,Teotlaltzinco,810v,Barrio,551090.5488,2128253.341,43,209,Teotlaltzinco,Tlapechuacan,28,551090.5488,2128253.341,FALSE,1,North,San Salvador,FALSE,FALSE,San Felipe,San Felipe Teotlaltzinco,0,0,0,0,0,0,0,0,1,7
184,Teotlaltzinco-Cuatlapancan,Cuatlapancan,Teotlaltzinco,811v,Barrio,546326.1394,2128470.998,44,210,Hueyacatitla,Cuatlapancan,29,548863,2128226,TRUE,1,North,San Salvador,FALSE,FALSE,San Felipe,San Felipe Teotlaltzinco,0,0,0,0,0,0,0,0,1,3
185,Teotlaltzinco-Totollan,Totollan,Teotlaltzinco,812v,Barrio,545185.8968,2129742.697,44,210,Hueyacatitla,Totollan,30,548375,2126473,TRUE,1,North,San Salvador,FALSE,FALSE,San Felipe,San Felipe Teotlaltzinco,0,0,0,0,0,0,0,0,1,0
186,Teotlaltzinco-Onyancatlan,Onyancatlan,Teotlaltzinco,814r,Barrio,548918.3522,2129315.742,44,210,Hueyacatitla,Onyancatlan,31,548918.3522,2129315.742,FALSE,1,North,San Salvador,TRUE,FALSE,San Felipe,San Felipe Teotlaltzinco,0,0,0,0,0,0,0,0,1,0
187,Teotlaltzinco-Tianquiztenco,Tianquiztenco,Teotlaltzinco,815v,Barrio,551037.3735,2129771.271,37,203,San Salvador,Tianquiztenco,32,551037.3735,2129771.271,FALSE,1,North,San Salvador,FALSE,FALSE,San Felipe,San Felipe Teotlaltzinco,0,0,0,1,0,0,0,0,1,0
188,Teotlaltzinco-Nobles Ciudad,Nobles Ciudad,Teotlaltzinco,860r,Nobles,562145.1821,2118667.896,1,101,Ciudad Huexotzinco,Teotlaltzinco,27,552371.9049,2126655.603,FALSE,0,Central,San Salvador,FALSE,FALSE,San Felipe,San Felipe Teotlaltzinco,0,0,0,0,0,0,0,0,0,0
189,Teotlaltzinco-Nobles Acolhua,Nobles Acolhua,Teotlaltzinco,860r,Nobles,554173.8909,2125903.525,19,119,Mendocinas Tetla,Teotlaltzinco,27,552371.9049,2126655.603,FALSE,0,Central,San Salvador,FALSE,FALSE,San Felipe,San Felipe Teotlaltzinco,0,0,0,0,0,0,0,0,0,0
190,Aztatotohuacan-Aztatotohuacan,Aztatotohuacan,Aztatotohuacan,826r,Barrio,553419.4959,2130696.396,45,211,Aztatoacan,Aztatoacan,33,553419.4959,2130696.396,FALSE,1,North,San Salvador,FALSE,FALSE,San Gregorio,San Gregorio Aztatotohuacan,0,0,0,0,0,0,1,0,1,3
191,Aztatotohuacan-Quetzalan,Quetzalan,Aztatotohuacan,828v,Barrio,554395.2594,2128750.667,47,213,Quetzallan,Cuetzallan,34,554395.2594,2128750.667,FALSE,1,North,San Salvador,FALSE,FALSE,San Gregorio,San Gregorio Aztatotohuacan,0,0,0,0,0,0,0,0,1,4
192,Aztatotohuacan-Atzitzintlan,Atzitzintlan,Aztatotohuacan,831r,Barrio,555379.5147,2130069.801,46,212,Atlacintla,Atlacintla,35,555379.5147,2130069.801,FALSE,1,North,San Salvador,FALSE,FALSE,San Gregorio,San Gregorio Aztatotohuacan,0,0,0,0,0,0,0,0,1,1
193,Aztatotohuacan-Tozcoc,Tozcoc,Aztatotohuacan,833v,Barrio,557770.9127,2129399.336,48,214,Tozcoque,Tozcoque,36,557770.9127,2129399.336,FALSE,1,North,San Salvador,FALSE,FALSE,San Gregorio,San Gregorio Aztatotohuacan,0,0,0,0,0,0,0,0,1,6
194,Aztatotohuacan-Hueyahuacacualco,Hueyahuacacualco,Aztatotohuacan,836r,Barrio,557405.0797,2131923.927,49,215,Hueyatzacoalco,Hueyaguacacualco,37,557405.0797,2131923.927,FALSE,1,North,San Salvador,FALSE,FALSE,San Gregorio,San Gregorio Aztatotohuacan,0,1,0,0,0,0,0,0,1,3
195,Aztatotohuacan-Tepatlachco,Tepatlachco,Aztatotohuacan,838v,Barrio,557328.8926,2134815.119,50,216,Tepatlaxco,Tepatlaxco,38,557328.8926,2134815.119,FALSE,1,North,San Salvador,FALSE,FALSE,San Gregorio,San Gregorio Aztatotohuacan,0,0,0,0,0,0,0,0,1,6
196,Aztatotohuacan-Tzayanalquilocan,Tzayanalquilocan,Aztatotohuacan,841r,Barrio,554470.6724,2134064.91,51,217,Tzayanalquilocan,Tzayanalquilocan,39,554470.6724,2134064.91,FALSE,1,North,San Salvador,FALSE,FALSE,San Gregorio,San Gregorio Aztatotohuacan,0,0,0,0,0,0,0,0,1,3
197,Atlixco-Atlixco,Atlixco,Atlixco,894v,Barrio,555235.985,2098747.911,52,301,Atlixco,Atlixco,40,555224.0708,2098719.882,FALSE,1,South,Acapetlahuacan,FALSE,FALSE,San Pedro,San Pedro Atlixco,0,0,0,0,0,0,1,1,0,0
198,Atlixco-Quimichallan,Quimichallan,Atlixco,895r,Barrio,551686.8578,2094946.55,53,302,Quimichallan,Atlixco,40,555224.0708,2098719.882,FALSE,1,South,Acapetlahuacan,FALSE,FALSE,San Pedro,San Pedro Atlixco,0,0,0,0,0,0,0,1,0,0
199,Atlixco-Huitzcuapan,Huitzcuapan,Atlixco,895v,Barrio,548902.2378,2092232.342,54,303,Cuaco,Atlixco,40,555224.0708,2098719.882,FALSE,1,South,Acapetlahuacan,FALSE,FALSE,San Pedro,San Pedro Atlixco,0,0,0,0,0,0,0,0,1,0
200,Atlixco-Nobles Atlixco1,Nobles Atlixco1,Atlixco,905r,Nobles,555130.3335,2098851.155,52,301,Atlixco,Atlixco,40,555224.0708,2098719.882,FALSE,0,South,Acapetlahuacan,FALSE,FALSE,San Pedro,San Pedro Atlixco,0,0,0,0,0,0,0,0,0,0
201,Atlixco-Nobles Atlixco2,Nobles Atlixco2,Atlixco,905r,Nobles,548763.3758,2092391.642,54,303,Cuaco,Atlixco,40,555224.0708,2098719.882,FALSE,0,South,Acapetlahuacan,FALSE,FALSE,San Pedro,San Pedro Atlixco,0,0,0,0,0,0,0,0,0,0
202,Atlixco-Nobles San Balthazar,Nobles San Balthazar,Atlixco,904v,Nobles,557180.4496,2096838.986,55,304,Tianguizmanalco,Tianquizmanalco,41,557180.4496,2096838.986,FALSE,0,South,Acapetlahuacan,FALSE,FALSE,San Pedro,San Pedro Atlixco,0,0,0,0,0,0,0,0,0,0
203,Tianquizmanalco-Tianquizmanalco,Tianquizmanalco,Tianquizmanalco,900v,Barrio,556899.8984,2096957.969,55,304,Tianguizmanalco,Tianquizmanalco,41,557180.4496,2096838.986,FALSE,1,South,Acapetlahuacan,FALSE,FALSE,San Martin,San Martin Tianquizmanalco,0,0,0,0,0,0,1,0,1,0
204,Acapetlahuacan-Tepetlixpan,Tepetlixpan,Acapetlahuacan,868v,Barrio,558823.9668,2091770.971,56,305,Tepetlixpan,Acapetlahuacan,42,559277.4719,2091421.889,FALSE,1,South,Acapetlahuacan,FALSE,FALSE,Santa Maria,Santa Maria Acapetlahuacan,1,0,0,1,0,0,1,0,1,0
205,Acapetlahuacan-Tepenacaztlan1,Tepenacaztlan1,Acapetlahuacan,870r,Barrio,561086.6926,2091854.663,57,306,Tepenacaztla,Acapetlahuacan,42,559277.4719,2091421.889,FALSE,1,South,Acapetlahuacan,FALSE,FALSE,Santa Maria,Santa Maria Acapetlahuacan,0,0,0,0,0,0,0,0,1,0
206,Acapetlahuacan-Chalman,Chalman,Acapetlahuacan,872v,Barrio,559307.1805,2089614.299,58,307,Chalma,Acapetlahuacan,42,559277.4719,2091421.889,FALSE,1,South,Acapetlahuacan,FALSE,FALSE,Santa Maria,Santa Maria Acapetlahuacan,0,0,0,0,0,0,0,0,1,0
207,Acapetlahuacan-Acxotlan,Acxotlan,Acapetlahuacan,875r,Barrio,563063.6334,2091761.206,59,308,Acxotlan Acatocha,Acapetlahuacan,42,559277.4719,2091421.889,TRUE,1,South,Acapetlahuacan,FALSE,FALSE,Santa Maria,Santa Maria Acapetlahuacan,0,0,0,0,0,0,0,0,1,0
208,Acapetlahuacan-Analco,Analco,Acapetlahuacan,876v,Barrio,566098.5157,2090725.82,60,309,Analco,Acapetlahuacan,42,559277.4719,2091421.889,TRUE,1,South,Acapetlahuacan,FALSE,FALSE,Santa Maria,Santa Maria Acapetlahuacan,0,0,0,0,0,0,0,0,1,0
209,Acapetlahuacan-Chiatlan,Chiatlan,Acapetlahuacan,878r,Barrio,557203.2068,2085893.864,61,310,Chiatlan,Acapetlahuacan,42,559277.4719,2091421.889,TRUE,1,South,Acapetlahuacan,FALSE,FALSE,Santa Maria,Santa Maria Acapetlahuacan,0,0,0,0,0,0,0,0,1,0
210,Acapetlahuacan-Coyollan,Coyollan,Acapetlahuacan,880v,Barrio,550795.3544,2089022.128,62,311,Coyula,Acapetlahuacan,42,559277.4719,2091421.889,FALSE,1,South,Acapetlahuacan,FALSE,FALSE,Santa Maria,Santa Maria Acapetlahuacan,0,0,0,0,0,0,0,0,1,0
211,Acapetlahuacan-Itzcalpan,Itzcalpan,Acapetlahuacan,881r,Barrio,552233.0784,2089812.124,62,311,Coyula,Acapetlahuacan,42,559277.4719,2091421.889,FALSE,1,South,Acapetlahuacan,FALSE,FALSE,Santa Maria,Santa Maria Acapetlahuacan,0,0,0,0,0,0,0,0,1,0
212,Acapetlahuacan-Tepenacaztlan2,Tepenacaztlan2,Acapetlahuacan,882r,Barrio,553300.0909,2085362.415,63,312,Tenextepec,Acapetlahuacan,42,559277.4719,2091421.889,FALSE,1,South,Acapetlahuacan,FALSE,FALSE,Santa Maria,Santa Maria Acapetlahuacan,0,0,0,0,0,0,0,0,1,0
213,Acapetlahuacan-Tlatzonca Valli Aocac Quimpia,Tlatzonca Valli Aocac Quimpia,Acapetlahuacan,883v,Barrio,564776.5193,2087444.936,64,313,Chilhuacan,Acapetlahuacan,42,559277.4719,2091421.889,FALSE,1,South,Acapetlahuacan,FALSE,FALSE,Santa Maria,Santa Maria Acapetlahuacan,0,0,0,0,0,0,0,0,1,0
214,Acapetlahuacan-Church Singers,Church Singers,Acapetlahuacan,910r,Barrio,558313.0242,2093368.034,56,305,Tepetlixpan,Acapetlahuacan,42,559277.4719,2091421.889,FALSE,1,South,Acapetlahuacan,FALSE,FALSE,Santa Maria,Santa Maria Acapetlahuacan,0,0,0,0,0,0,0,0,1,0
215,Acapetlahuacan-Nobles Acapetlahuacan,Nobles Acapetlahuacan,Acapetlahuacan,MISSING,Nobles,559277.4719,2091421.889,56,305,Tepetlixpan,Acapetlahuacan,42,559277.4719,2091421.889,FALSE,0,South,Acapetlahuacan,FALSE,TRUE,Santa Maria,Santa Maria Acapetlahuacan,0,0,0,0,0,0,0,0,0,0
216,Acapetlahuacan-Nobles San Jose Teapan,Nobles San Jose Teapan,Acapetlahuacan,908r,Nobles,559025.4656,2089565.978,58,307,Chalma,Acapetlahuacan,42,559277.4719,2091421.889,FALSE,0,South,Acapetlahuacan,FALSE,FALSE,Santa Maria,Santa Maria Acapetlahuacan,0,0,0,0,0,0,0,0,0,0
