ORD,Community,Tequitl,NameShort,Cabecera,TequitlCenter,TequitlOrd,Barrios,East,North,DoubleCount,Inns,Markets,ProvCenters,WetIrrigAG,WetlandAG,IrrigationAG,TemporalAG,Pop1588,TotalHH,Muertos,Tlatoque,Pilli,Pilli_PNO,Aruacil_N,Icnocihua_N,Huehue_N,Coxcoxqui_N,Ixcoxcoxqui_N,Tepilhuime,Pilaquistiltin,Mopilaque,Farmers_Ix,Tlacoti,Huehue_C,Icnocihua_C,DelcadoYcniuan,Icnoquichtli,Oquichtli,Ocholco,IcnopiltzintliChancua,Cocoxsque_C,Tozanpotzaliciui,Mocuaxelo,Xochicihui,Macocoua,Cuauhyeso,Ixcocoxque_C,Icxicocoxqui,Ixpazaual,Ixpopoyototl,Hapanhuitzoqui,Huillantzi,Ixitepotzin,Macocoxqui,Mimiqui,Tepotzotli,Nanahuati,Xocuepitzin,Tepotzonquizqui,Macotequi,Farmers_C,Macuiltecpanpixqui_C,Macuiltecpanpixqui_Ix,Macuiltecpanpixqui_N,Nauhtecpanpixqui_C,Nauhtecpanpixqui_Ix,Yeitecpanpixqui_C,Yeitecpanpixqui_N,Ometecpanpixqui_C,Centecpanpixqui_C,Centecpanpixqui_Ix,Centecpanpixqui_Mer,Centecpanpixqui_N,Coxcoxcapixqui_C,Tequicapitan_C,Tequicapitan_Ix,Tequicapitan_N,Capitan_C,Capitan_Ix,Tequitlatoque_C,Topille_C,Topille_Ix,Topille_N,Tepixqui_C,Tepixqui_Ix,Tepixqui_N,Merino_C,Merino_Ix,Merino_Mop,Merino_N,Tepia_C,Petlatecac,Petlachiuhque,Tolpetlachiuhque,Tlatlama,Anqui,Tlaxcalchiua,Cotzinero,Cuauxinqui,Tlaxinqui,Tezozoqui,Tetzotzonque,Texinqui,Cacchiuhque,Caczoque,Tzauhqui,Amantecatl,Toltecatl,Merchants,OyaquiSanFran,Nauapatlaca,Otonpantlaca,YchanQuimistlan,Tepati,Tlama,Quilanemi,Tlacuilo,Cuicani,Teopantlaca,Comunidadnemi,Tlapitzqui,Tlatlapo,Tepotzon,Tecuayatequi,Tapaleuia,Tequichiuhqui,Momatzoqui,Tezinecuil,Ceninquinpia,Cuautecatl,Unspecified
1,San Francisco Ocotelolco,Oco_1,Ocotelolco,Ocotelolco,San Francisco Ocotelolco,1,,580251.2425,2137402.563,0,0,2,0,0,0,0,1,111,300,,,,75,,,,,,,,,,,,,,,,,,,,,,,,,,,,,,,,,,,,,,,,,,,,,,,,,,,,,,,,,,,,,,,,,,,,,,,,,,,,,,,,,,,,,,,,,,,,,,,,,,,,,,,,,,,,
2,San Miguel Tlamaoco,Oco_1,Tlamaoco,Ocotelolco,San Francisco Ocotelolco,2,16,579803.0153,2136885.084,0,0,0,0,0,0,0,1,193,599,0,0,75,112,0,0,0,0,0,0,0,0,20,0,0,47,0,0,0,0,0,2,0,0,0,0,0,3,0,0,0,0,1,0,0,0,0,0,0,0,0,320,0,0,0,0,0,0,0,0,14,1,0,0,0,0,0,0,3,0,0,0,0,0,0,0,0,0,0,0,0,0,0,0,0,0,0,0,0,0,0,0,0,0,0,0,0,0,0,0,0,0,0,0,1,0,0,0,0,0,0,0,0,0,0,0,0,0,0,0,0,0
3,San Pedro Tecpan,Oco_1,Tecpan,Ocotelolco,San Francisco Ocotelolco,3,2,580520.4415,2137677.264,0,0,0,0,0,0,0,1,43,171,0,0,11,86,0,0,0,0,0,0,19,0,7,0,0,9,0,0,0,0,0,5,0,0,0,0,0,0,0,0,0,0,0,0,0,0,0,0,0,0,0,27,1,0,0,0,0,0,0,0,2,0,0,0,0,0,0,0,0,0,0,0,0,0,0,0,0,0,0,0,0,0,0,0,0,0,0,0,0,0,0,0,3,0,0,0,0,0,0,0,0,0,0,0,1,0,0,0,0,0,0,0,0,0,0,0,0,0,0,0,0,0
4,San Marcos Contlantzinco,Oco_1,Contlantzinco,Ocotelolco,San Francisco Ocotelolco,4,1,580213.0766,2138249.723,0,0,0,0,0,0,0,1,20,78,0,0,4,28,0,0,0,0,0,0,0,0,5,0,0,4,0,0,0,0,0,0,0,0,0,0,0,0,0,0,0,0,0,0,0,0,0,0,0,0,0,35,0,0,0,0,0,0,0,0,1,0,0,0,0,0,0,0,1,0,0,0,0,0,0,0,0,0,0,0,0,0,0,0,0,0,0,0,0,0,0,0,0,0,0,0,0,0,0,0,0,0,0,0,0,0,0,0,0,0,0,0,0,0,0,0,0,0,0,0,0,0
5,Santa Maria Tlacopan,Oco_1,Tlacopan,Ocotelolco,San Francisco Ocotelolco,5,9,579997.5031,2137089.409,0,0,0,0,0,0,0,1,103,277,0,0,0,26,0,0,0,0,0,38,0,0,0,0,0,33,0,0,0,0,0,0,0,0,0,0,0,0,0,0,0,0,0,0,0,0,0,0,0,0,0,0,0,0,0,0,0,0,0,0,0,0,8,0,0,0,0,0,0,0,3,0,0,0,0,0,0,0,0,0,0,0,0,0,0,0,0,0,0,0,0,0,0,0,0,0,0,2,0,167,0,0,0,0,0,0,0,0,0,0,0,0,0,0,0,0,0,0,0,0,0,0
6,San Gabriel Cuauhtlan,Oco_1,Cuauhtlan,Ocotelolco,San Francisco Ocotelolco,6,12,580362.2015,2135516.479,0,0,0,0,0,0,0,1,120,373,0,0,9,0,0,0,0,0,0,0,0,0,21,0,0,20,0,0,0,0,0,1,0,0,0,0,0,3,0,0,0,0,0,0,0,0,0,0,0,0,0,292,4,0,0,0,0,0,0,0,5,7,0,0,0,0,0,0,0,0,0,0,0,0,0,0,0,0,0,0,0,0,0,0,0,0,0,0,0,0,5,0,3,0,0,0,1,0,0,0,0,0,0,0,2,0,0,0,0,0,0,0,0,0,0,0,0,0,0,0,0,0
7,San Bernardo Cohuazacapechpan,Oco_1,Cohuazacapechpan,Ocotelolco,San Francisco Ocotelolco,7,7,578546.0915,2135238.859,0,0,0,0,0.5,0,0.5,0.5,55,271,0,0,7,0,0,0,0,0,0,0,0,0,2,0,6,13,0,0,0,0,0,4,0,0,0,0,0,2,0,0,0,0,0,0,0,0,0,0,0,0,0,226,0,0,0,0,0,0,0,0,7,0,0,0,0,0,0,0,3,0,0,0,0,0,0,0,0,0,0,0,0,0,0,0,0,0,0,0,0,0,0,0,0,0,0,0,0,0,0,0,0,0,0,0,1,0,0,0,0,0,0,0,0,0,0,0,0,0,0,0,0,0
8,San Hipolito Chimalpan,Oco_2,Chimalpan,Ocotelolco,San Hipolito Chimalpan,1,10,579145.6288,2136373.721,0,0,0,0,0.65,0,0.65,0.35,150,373,0,0,34,29,0,0,0,0,0,0,0,0,28,0,11,24,0,0,0,0,0,0,0,0,0,0,0,1,0,0,0,0,0,0,0,0,0,0,0,0,0,189,0,0,0,0,0,0,0,0,9,1,0,0,0,0,0,0,0,0,0,0,0,0,0,0,0,0,0,0,0,1,0,1,0,25,0,0,0,0,17,0,0,0,0,0,0,0,0,0,0,0,0,0,2,1,0,0,0,0,0,0,0,0,0,0,0,0,0,0,0,0
9,San Lucas Cuauhtelolpan,Oco_2,Cuauhtelolpan,Ocotelolco,San Hipolito Chimalpan,2,14,577751.109,2133716.009,0,0,0,0,0.1,0,0.1,0.9,275,672,0,0,16,7,0,0,0,0,0,0,0,0,0,0,64,44,0,0,0,0,0,2,0,0,0,0,0,2,0,0,0,0,0,0,0,0,0,0,0,0,0,412,3,0,0,0,0,0,0,0,14,0,0,0,2,0,0,0,3,0,0,0,0,0,5,0,0,1,0,0,0,0,2,8,0,1,0,0,0,0,19,0,0,46,2,8,0,0,0,0,0,0,0,0,11,0,0,0,0,0,0,0,0,0,0,0,0,0,0,0,0,0
10,San Gregorio Metepec,Oco_2,Metepec,Ocotelolco,San Hipolito Chimalpan,3,10,577999.423,2131100.177,0,0,0,0,0,0,0,1,220,501,0,0,16,26,0,0,0,0,0,0,0,0,0,0,7,41,0,0,0,0,0,0,0,0,0,0,0,0,0,0,0,0,0,0,0,0,0,0,0,0,0,392,6,0,0,0,0,0,0,0,10,0,0,0,0,0,0,0,0,0,0,0,0,0,0,0,0,0,0,0,0,0,0,0,0,0,0,0,0,0,1,0,1,0,0,0,0,0,0,0,0,0,0,0,1,0,0,0,0,0,0,0,0,0,0,0,0,0,0,0,0,0
11,San Jose Acuitlapilco,Oco_3,Acuitlapilco,Ocotelolco,San Jose Acuitlapilco,1,12,579761.6711,2132909.221,0,0,0,0,0.3,0,0.3,0.7,,456,0,0,26,1,0,1,0,0,0,0,0,0,41,0,18,30,0,0,0,0,0,8,0,0,0,0,0,3,0,0,2,0,0,0,0,0,1,0,0,0,0,264,3,1,0,0,0,0,0,0,11,1,0,0,0,0,0,0,0,0,0,0,0,0,0,0,0,0,0,0,0,0,0,1,1,2,0,0,0,0,13,0,19,0,0,2,0,1,0,0,0,0,0,0,5,0,0,1,0,0,0,0,0,0,0,0,0,0,0,0,0,0
12,San Sebastian Atlapan,Oco_3,Atlapan,Ocotelolco,San Jose Acuitlapilco,2,6,581588.5203,2132698.61,0,0,0,0,0.35,0,0.35,0.65,108,187,0,0,10,0,0,0,0,0,0,0,0,0,14,0,3,11,0,0,0,0,0,2,0,0,0,0,0,1,0,0,0,0,0,0,0,1,0,0,0,0,0,113,0,2,0,0,0,0,0,0,1,5,0,0,1,0,0,0,0,0,0,0,0,0,0,0,0,0,0,0,0,0,0,2,0,10,0,0,0,0,6,0,2,0,0,0,0,0,0,0,0,0,0,0,3,0,0,0,0,0,0,0,0,0,0,0,0,0,0,0,0,0
13,San Luis Teolocholco,Oco_3,Teolocholco,Ocotelolco,San Jose Acuitlapilco,3,10,584997.0351,2128045.002,0,0,0,0,0,0,0,1,92,439,0,0,15,0,0,0,0,0,0,0,0,0,18,0,23,39,0,0,0,0,0,6,0,0,0,0,0,0,0,0,0,0,0,0,0,0,1,0,0,0,0,298,0,2,0,0,0,0,0,0,9,1,0,0,0,0,0,0,0,0,0,0,0,0,0,0,0,0,0,0,0,0,0,0,0,0,0,0,0,3,10,0,4,0,0,0,0,0,0,0,0,0,0,0,10,0,0,0,0,0,0,0,0,0,0,0,0,0,0,0,0,0
14,San Antonio Cuanmantla,Oco_3,Cuanmantla,Ocotelolco,San Jose Acuitlapilco,4,5,583949.2456,2125882.293,0,0,0,0,0.1,0,0.1,0.9,57,225,0,0,0,0,0,0,0,0,0,0,0,0,15,0,32,6,0,0,0,0,0,3,0,0,0,0,0,0,0,0,0,0,0,0,0,0,0,0,0,0,0,151,0,2,0,0,0,0,0,0,4,0,0,0,0,0,0,0,0,0,0,0,0,0,0,0,0,0,0,0,0,0,0,1,0,0,0,0,0,0,9,0,0,0,0,0,0,0,0,0,0,0,0,0,1,0,0,0,1,0,0,0,0,0,0,0,0,0,0,0,0,0
15,San Zacarias Aztama,Oco_3,Aztama,Ocotelolco,San Jose Acuitlapilco,5,6,582028.1612,2126542.978,1,0,0,0,0.5,0,0.5,0.5,48,202,0,0,1,0,0,0,0,0,0,0,0,0,22,0,2,8,0,0,0,0,0,3,0,0,0,0,0,1,0,0,0,0,0,0,0,0,0,0,0,0,0,151,1,0,0,0,0,0,0,0,5,1,0,0,0,1,0,0,0,0,0,0,0,0,0,0,0,0,0,0,0,0,0,2,0,0,0,0,0,0,2,0,1,0,0,0,0,0,0,0,0,0,0,0,1,0,0,0,0,0,0,0,0,0,0,0,0,0,0,0,0,0
16,Santa Maria Magdalena Tlatelolco,Oco_4,Tlatelolco,Ocotelolco,Santa Maria Magdalena Tlatelolco,1,16,584597.2432,2131619.404,1,0,0,0,0.5,0,0.5,0.5,,645,0,0,21,27,0,0,0,0,0,0,0,0,44,0,25,48,0,0,0,0,0,1,0,0,0,0,0,6,0,0,0,0,0,0,0,0,0,0,0,0,0,339,0,3,0,0,0,0,0,0,12,4,0,0,0,1,0,0,0,0,0,0,0,0,0,0,0,0,0,0,0,0,0,0,0,0,0,0,0,0,105,0,1,0,0,0,0,0,0,0,0,0,0,0,6,0,0,0,0,0,0,0,0,0,0,0,0,0,2,0,0,0
17,Santa Isabel Xiloxochtlan,Oco_4,Xiloxochtlan,Ocotelolco,Santa Maria Magdalena Tlatelolco,2,19,582601.1186,2130592.06,0,0,0,0,0.4,0,0.4,0.6,,648,0,0,0,0,0,0,0,0,0,0,0,0,36,0,19,40,0,0,0,0,0,9,0,0,0,0,0,4,0,0,0,0,0,0,0,0,0,0,0,0,0,468,2,1,0,0,1,0,0,0,19,0,0,0,0,0,0,0,0,0,0,0,0,0,0,0,0,0,0,0,0,0,0,4,0,12,0,0,0,0,16,0,1,5,0,1,0,0,0,0,0,0,0,0,10,0,0,0,0,0,0,0,0,0,0,0,0,0,0,0,0,0
18,San Cosme Mazatecochco,Oco_4,Mazatecochco,Ocotelolco,Santa Maria Magdalena Tlatelolco,3,5,585122.597,2120858.817,0,0,0,0,0,0,0,1,33,241,0,0,0,0,0,0,0,0,0,0,0,0,12,0,12,7,0,0,0,0,0,0,0,0,0,0,0,0,0,0,0,0,0,0,0,0,0,0,0,0,0,188,1,0,0,0,0,0,0,0,5,0,0,0,0,0,0,0,0,0,0,0,0,0,0,0,0,0,0,0,0,0,0,0,0,0,0,0,0,0,8,0,0,7,0,1,0,0,0,0,0,0,0,0,0,0,0,0,0,0,0,0,0,0,0,0,0,0,0,0,0,0
19,Santa Catarina Ayometlan,Oco_4,Ayometlan,Ocotelolco,Santa Maria Magdalena Tlatelolco,4,6,582582.4778,2122958.447,1,0,0,0,0.15,0,0.15,0.85,67,200,0,0,0,0,0,0,0,0,0,0,0,0,20,0,3,8,0,0,0,0,0,0,0,0,0,0,0,0,0,0,0,0,0,0,0,0,0,0,0,0,0,122,1,0,0,0,0,0,0,0,6,0,0,0,0,0,0,0,0,0,0,0,0,0,0,0,0,0,0,0,0,0,0,0,0,0,0,0,0,0,35,0,4,0,0,0,0,0,0,0,0,0,0,0,1,0,0,0,0,0,0,0,0,0,0,0,0,0,0,0,0,0
20,San Toribio Xicotzinco,Oco_4,Xicotzinco,Ocotelolco,Santa Maria Magdalena Tlatelolco,5,2,580590.3391,2120261.706,0,0,0,0,0.75,0.4,0.35,0.25,17,113,0,0,0,0,0,0,0,0,0,0,0,0,6,0,7,5,0,0,0,0,0,0,0,0,0,0,0,5,0,0,0,0,0,0,0,0,0,0,0,0,0,80,1,0,0,0,0,0,0,0,2,0,0,0,0,0,0,0,0,0,0,0,0,0,0,0,0,0,0,0,0,0,0,0,0,0,0,0,0,0,6,0,0,0,0,0,0,0,0,0,0,0,0,0,1,0,0,0,0,0,0,0,0,0,0,0,0,0,0,0,0,0
21,San Jeronimo Yaomicatlan,Oco_5,Yaomicatlan,Ocotelolco,San Jeronimo Yaomicatlan,1,5,577437.2941,2127796.996,1,0,0,0,0.65,0.5,0.15,0.35,,193,0,0,4,0,0,0,0,0,0,0,0,4,15,0,21,16,0,0,0,0,0,0,0,0,0,0,0,0,0,0,0,0,0,0,0,0,0,0,0,0,0,107,1,1,0,0,0,0,0,0,5,0,0,0,1,0,0,0,0,0,0,0,0,0,0,0,0,0,1,0,0,0,0,2,0,2,0,0,0,0,4,0,6,0,0,0,0,0,0,0,0,0,0,0,2,0,0,0,0,0,0,0,0,0,0,0,1,0,0,0,0,0
22,San Jeronimo Cuahuizmatlac,Oco_5,Cuahuizmatlac,Ocotelolco,San Jeronimo Yaomicatlan,2,8,575325.8426,2127523.426,0,0,0,0,0.65,0.35,0.3,0.35,,283,2,0,0,0,0,0,0,0,0,0,0,0,21,0,24,25,0,0,0,0,0,0,0,0,0,0,0,0,0,0,0,0,0,0,0,1,1,0,0,0,0,175,0,1,0,0,0,0,0,0,6,2,0,0,0,0,0,0,0,1,0,0,0,0,0,0,0,0,0,0,0,0,0,5,0,0,0,0,0,0,5,0,14,0,0,0,0,0,0,0,0,0,0,0,1,0,0,0,0,0,0,0,0,0,0,0,1,0,0,0,0,0
23,San Andres Coyohuacan,Oco_5,Coyohuacan,Ocotelolco,San Jeronimo Yaomicatlan,3,6,576178.35,2130474.399,0,0,0,0,0.1,0,0.1,0.9,,318,0,0,27,0,0,0,0,0,0,0,0,22,13,0,22,13,0,0,0,0,0,0,0,0,0,0,0,0,0,0,0,0,2,0,0,0,0,0,0,0,0,173,4,0,0,0,0,0,0,0,6,0,0,0,1,0,0,0,0,0,0,0,0,0,0,0,0,0,0,1,0,0,0,0,0,1,0,0,0,0,5,0,15,0,0,0,0,0,0,0,0,0,0,0,8,0,0,0,0,0,0,0,0,0,3,0,2,0,0,0,0,0
24,San Damian Texoloc,Oco_5,Texoloc,Ocotelolco,San Jeronimo Yaomicatlan,4,4,575195.637,2131805.408,0,0,0,0,0.5,0.5,0,0.5,,235,0,0,0,0,0,0,0,0,0,0,0,0,44,0,28,12,0,0,0,0,0,0,0,0,0,0,0,0,0,0,0,0,1,0,0,0,1,0,0,0,0,109,0,4,0,0,0,0,0,0,4,0,0,0,2,0,0,0,0,0,0,0,0,0,0,1,0,0,1,0,0,0,0,0,0,4,0,0,0,0,9,0,3,0,0,1,0,0,0,0,0,0,0,0,11,0,0,0,0,0,0,0,0,0,0,0,0,0,0,0,0,0
25,San Bartolome Tenanco,Oco_5,Tenanco,Ocotelolco,San Jeronimo Yaomicatlan,5,4,574387.7798,2128885.019,0,0,0,0,0.5,0.3,0.2,0.5,,215,0,0,3,0,0,0,0,0,0,0,0,0,18,0,10,9,0,0,0,0,0,0,0,0,0,0,0,0,0,0,1,0,0,0,0,0,0,0,0,0,0,134,2,0,0,0,0,0,0,0,4,0,0,0,4,0,0,0,0,0,0,0,0,0,1,0,0,0,1,0,0,0,0,3,0,0,0,0,0,0,4,0,8,0,0,2,0,0,0,0,0,0,0,0,7,0,0,0,0,0,0,0,0,0,0,0,4,0,0,0,0,0
26,Santa Isabel Tetitlatlauhcan,Oco_5,Tetitlatlauhcan,Ocotelolco,San Jeronimo Yaomicatlan,6,3,574090.4877,2126666.183,0,0,0,0,0.85,0.85,0,0.15,,180,0,0,0,0,0,0,0,0,0,0,0,20,0,0,22,12,0,0,0,0,0,1,0,0,0,0,0,0,0,0,0,0,0,0,0,0,0,2,0,0,0,98,0,1,0,0,0,0,0,0,2,0,0,0,0,0,0,0,0,0,0,0,0,0,2,0,0,1,0,0,0,0,0,5,0,0,0,0,0,0,3,0,2,0,0,0,0,0,0,0,0,0,0,0,7,0,0,0,0,0,0,0,0,0,2,0,0,0,0,0,0,0
27,Santo Tomas Xochtlantzinco,Oco_5,Xochtlantzinco,Ocotelolco,San Jeronimo Yaomicatlan,7,2,573656.2632,2125178.773,0,0,0,0,1,1,0,0,,53,0,0,0,0,0,0,0,0,0,0,0,0,3,0,0,2,0,0,0,0,0,2,0,0,0,0,0,0,0,0,0,0,0,0,0,0,0,0,0,0,0,38,0,0,0,0,0,0,0,0,2,0,0,0,0,0,0,0,0,0,0,0,0,0,1,0,0,0,0,0,0,0,0,0,0,0,0,0,0,0,0,0,0,0,0,0,0,0,0,0,0,0,0,0,3,0,0,0,0,0,0,0,0,0,2,0,0,0,0,0,0,0
28,Santa Barbara Tamazolco,Oco_5,Tamazolco,Ocotelolco,San Jeronimo Yaomicatlan,8,6,573512.6741,2123178.598,0,0,0,0,1,1,0,0,,218,0,0,0,0,0,0,0,0,0,0,0,0,17,0,5,11,0,0,0,0,0,0,0,0,0,0,0,1,0,0,0,0,0,0,0,0,1,0,0,0,0,125,2,0,0,0,0,0,0,0,3,1,0,0,2,0,0,0,0,0,0,0,0,0,0,1,0,0,1,0,0,0,0,5,0,0,0,0,0,0,35,0,0,0,4,0,0,0,0,0,0,0,0,0,3,0,0,0,0,0,0,0,0,0,0,1,0,0,0,0,0,0
29,Santa Cecilia Cozamalco,Oco_5,Cozamalco,Ocotelolco,San Jeronimo Yaomicatlan,9,3,571509.1033,2124685.224,0,0,0,0,1,1,0,0,,70,0,0,0,0,0,0,0,0,0,0,0,0,3,0,2,0,0,0,0,0,0,0,0,0,0,0,0,0,0,0,1,0,0,0,0,0,0,0,0,0,0,58,0,0,0,0,0,0,0,0,3,0,0,0,1,0,0,0,0,0,0,0,0,0,0,0,0,0,0,0,0,0,0,0,0,0,0,0,0,0,0,0,0,0,0,0,0,0,0,0,0,0,0,0,2,0,0,0,0,0,0,0,0,0,0,0,0,0,0,0,0,0
30,San Francisco Xochtlan,Oco_5,Xochtlan,Ocotelolco,San Jeronimo Yaomicatlan,10,2,570947.3641,2122086.218,0,0,0,0,1,1,0,0,,44,0,0,0,0,0,0,0,0,0,0,0,0,0,0,2,0,0,0,0,0,0,0,0,0,0,0,0,0,0,0,0,0,1,0,0,0,0,0,0,0,0,38,0,0,0,0,0,0,0,0,2,0,0,0,0,0,0,0,0,0,0,0,0,0,0,0,0,0,0,0,0,0,0,0,0,0,0,0,0,0,0,0,0,0,0,0,0,0,0,0,0,0,0,0,1,0,0,0,0,0,0,0,0,0,0,0,0,0,0,0,0,0
31,Santa Agueda Michtetelco,Oco_5,Michtetelco,Ocotelolco,San Jeronimo Yaomicatlan,11,6,574703.7363,2122392.782,0,0,0,0,1,1,0,0,,193,0,0,0,0,0,0,0,0,0,0,0,0,4,0,5,6,0,0,0,0,0,2,0,0,0,0,0,0,0,0,1,0,1,0,0,0,0,0,0,0,0,130,0,2,0,0,0,0,0,0,5,1,0,0,0,0,0,0,0,0,0,1,0,0,3,0,0,1,0,0,0,0,0,2,0,0,0,0,0,0,20,0,0,0,0,0,0,0,0,0,0,0,0,0,7,0,0,0,0,0,0,0,0,0,2,0,0,0,0,0,0,0
32,Santiago Michac,Oco_5,Michac,Ocotelolco,San Jeronimo Yaomicatlan,12,4,569542.053,2125161.829,0,0,0,0,1,1,0,0,,109,0,0,38,0,0,0,3,1,1,0,0,0,1,0,0,0,0,0,0,0,0,0,0,0,0,0,0,0,0,0,0,0,0,0,0,0,0,0,0,0,0,53,0,0,0,0,0,0,0,0,2,0,0,1,0,0,0,0,0,0,2,2,0,0,2,0,0,1,0,0,0,0,0,0,0,0,0,0,0,0,0,0,0,0,0,0,0,0,0,0,0,0,0,0,2,0,0,0,0,0,0,0,0,0,0,0,0,0,0,0,0,0
33,San Miguel Tenantzinco,Oco_5,Tenantzinco,Ocotelolco,San Jeronimo Yaomicatlan,13,2,583939.3033,2117289.173,0,0,0,0,0,0,0,1,21,109,0,0,0,0,0,0,0,0,0,0,0,1,11,0,3,0,0,0,0,0,0,8,0,0,0,0,0,1,0,0,0,0,0,0,0,0,0,0,0,0,0,71,0,0,0,0,0,0,0,0,2,0,0,0,2,0,0,0,0,0,0,0,1,0,1,0,0,0,1,0,0,0,0,0,0,0,0,0,0,0,6,0,0,0,0,0,0,0,0,0,0,0,0,0,1,0,0,0,0,0,0,0,0,0,0,0,0,0,0,0,0,0
34,San Pablo Cuauhtotohuatlan,Oco_5,Cuauhtotohuatlan,Ocotelolco,San Jeronimo Yaomicatlan,14,5,587207.5915,2114247.468,0,0,0,1,0.3,0,0.3,0.7,80,150,0,0,6,0,1,0,0,0,0,0,0,0,0,0,7,9,0,0,0,0,0,1,0,0,0,0,0,2,0,0,0,0,0,0,0,0,1,0,0,0,0,101,1,0,0,0,0,0,0,0,4,0,0,0,1,0,0,0,0,0,0,0,0,1,1,0,0,0,0,0,1,0,0,0,0,0,0,0,0,0,12,0,0,0,0,0,0,0,0,0,0,0,0,0,0,0,0,0,0,0,0,0,0,0,1,0,0,0,0,0,0,0
35,San Franscisco Topoyanco,Oco_6,Topoyanco,Ocotelolco,San Franscisco Topoyanco,1,26,580310.9943,2128313.244,0,1,1,1,0.5,0,0.5,0.5,500,1097,0,0,113,55,0,1,0,0,0,0,0,34,61,0,82,45,0,0,9,0,0,12,0,0,0,0,0,0,0,0,1,0,1,1,0,1,0,0,0,0,0,551,4,0,1,0,0,0,0,0,24,0,0,2,0,2,0,1,2,0,0,0,0,0,1,0,0,0,0,0,0,0,0,4,0,2,0,2,0,0,47,0,8,0,1,5,0,0,0,0,0,0,0,0,9,0,3,0,9,0,0,0,1,0,2,0,0,0,0,0,0,0
36,San Juan Evangelista Huactzinco,Oco_6,Huactzinco,Ocotelolco,San Franscisco Topoyanco,2,11,578759.0656,2127267.218,0,0,0,0,0.85,0.35,0.5,0.15,350,592,0,0,53,0,0,0,0,0,0,0,0,2,40,3,19,36,0,0,0,0,0,16,0,0,0,0,0,0,0,0,5,0,1,0,0,0,0,0,0,0,0,330,2,0,0,0,0,1,0,0,11,0,0,0,3,0,0,0,2,1,0,0,0,0,0,0,0,0,0,0,1,0,1,10,0,10,0,0,0,0,14,0,16,0,0,5,0,0,0,0,0,0,0,0,9,0,0,0,0,0,0,0,0,0,0,0,0,0,1,0,0,0
37,San Lorenzo Axocomanitlan,Oco_6,Axocomanitlan,Ocotelolco,San Franscisco Topoyanco,3,5,578933.7939,2125867.224,0,0,0,0,0.9,0.25,0.65,0.1,128,200,0,0,5,0,0,0,0,0,0,0,0,0,17,0,8,14,0,0,0,0,0,10,0,0,0,0,0,0,0,0,0,0,0,0,0,0,0,0,0,0,0,111,0,1,0,0,0,0,0,0,3,1,0,0,0,0,1,0,0,0,0,0,0,0,3,0,1,0,1,0,0,0,0,3,0,9,0,0,0,0,0,0,2,0,0,0,0,0,0,0,1,0,0,0,7,0,0,0,0,0,0,0,0,0,2,0,0,0,0,0,0,0
38,Santa Ines Cozacatelco/Zacatelco,Oco_6,Zacatelco,Ocotelolco,San Franscisco Topoyanco,4,28,579857.0801,2124855.213,0,0,0,0,1,0.4,0.6,0,503,1137,0,0,14,0,0,0,0,0,0,0,0,26,62,0,97,62,0,0,0,0,0,11,1,0,0,0,0,6,0,1,1,0,2,0,1,1,1,0,0,0,0,749,3,2,0,0,0,0,0,0,25,3,0,0,0,0,0,0,4,1,0,0,0,0,0,0,0,0,1,0,0,0,2,14,0,0,0,0,0,0,17,0,6,2,1,4,0,0,0,0,0,0,0,0,9,0,0,0,2,0,0,0,0,0,5,0,0,1,0,0,0,0
39,San Esteban Tizatlan 1,Tiz_1,Tizatlan1,Tizatlan,San Esteban Tizatlan 1,1,8,582114,2138372,0,0,0,0,0.25,0,0.25,0.75,66,340,5,0,20,0,0,0,0,0,0,0,0,0,13,0,0,6,0,0,0,0,0,0,0,0,0,0,0,0,0,0,0,0,0,0,0,0,0,0,0,0,0,229,0,0,0,0,0,0,0,0,6,0,0,0,0,0,0,0,5,0,0,0,0,0,0,0,0,0,0,0,0,0,0,0,0,0,0,0,0,0,60,0,0,0,0,0,0,0,0,0,0,0,0,0,1,0,0,0,0,0,0,0,0,0,0,0,0,0,0,0,0,0
40,San Buenaventura Atempan,Tiz_1,Atempan,Tizatlan,San Esteban Tizatlan 1,2,2,582620,2137555,0,0,0,0,0.5,0,0.5,0.5,108,175,0,0,73,0,0,0,0,0,0,0,0,0,0,0,0,3,0,0,0,0,0,0,0,0,0,0,0,0,0,0,0,0,0,0,0,0,0,0,0,0,0,96,0,0,0,0,0,0,0,0,2,0,0,0,0,0,0,0,1,0,0,0,0,0,0,0,0,0,0,0,0,0,0,0,0,0,0,0,0,0,0,0,0,0,0,0,0,0,0,0,0,0,0,0,0,0,0,0,0,0,0,0,0,0,0,0,0,0,0,0,0,0
41,Santiago Teotlalpan,Tiz_1,Teotlalpan,Tizatlan,San Esteban Tizatlan 1,3,3,581382,2137901,0,0,0,0,0.25,0,0.25,0.75,135,194,0,0,80,0,0,0,0,0,0,0,0,0,0,0,0,16,0,0,0,0,0,0,0,0,0,0,0,0,0,0,0,0,0,0,0,0,0,0,0,0,0,94,1,0,0,0,0,0,0,0,3,0,0,0,0,0,0,0,0,0,0,0,0,0,0,0,0,0,0,0,0,0,0,0,0,0,0,0,0,0,0,0,0,0,0,0,0,0,0,0,0,0,0,0,0,0,0,0,0,0,0,0,0,0,0,0,0,0,0,0,0,0
42,San Esteban Tizatlan 2,Tiz_1,Tizatlan2,Tizatlan,San Esteban Tizatlan 1,4,11,582890,2139648,0,0,0,0,0,0,0,1,264,551,0,0,105,0,0,12,0,0,0,0,0,7,26,0,1,30,0,0,0,0,0,0,0,0,0,0,0,0,0,0,0,0,0,0,0,0,0,0,0,0,0,356,3,0,0,0,0,0,0,0,10,1,0,0,0,0,0,0,0,0,0,0,0,0,0,0,0,0,0,0,0,0,0,0,0,0,0,0,0,0,0,0,0,0,0,0,0,0,0,0,0,0,0,0,0,0,0,0,0,0,0,0,0,0,0,0,0,0,0,0,0,0
43,San Bartolome Tlacaxoloc,Tiz_1,Tlacaxoloc,Tizatlan,San Esteban Tizatlan 1,5,3,584366,2137773,0,0,0,0,0.5,0,0.5,0.5,,200,0,0,39,0,0,0,0,0,0,0,0,0,1,0,0,13,0,0,0,0,0,0,0,0,0,0,0,0,0,0,0,0,0,0,0,0,0,0,0,0,0,142,1,0,0,0,0,0,0,0,4,0,0,0,0,0,0,0,0,0,0,0,0,0,0,0,0,0,0,0,0,0,0,0,0,0,0,0,0,0,0,0,0,0,0,0,0,0,0,0,0,0,0,0,0,0,0,0,0,0,0,0,0,0,0,0,0,0,0,0,0,0
44,Belem Chichimecapan,Tiz_1,Chichimecapan,Tizatlan,San Esteban Tizatlan 1,6,9,585194,2139314,0,0,0,0,0.25,0,0.25,0.75,130,358,0,0,31,0,0,0,0,0,0,0,0,0,4,0,9,17,0,0,0,0,0,3,0,0,0,0,0,0,1,0,0,0,0,0,0,0,0,0,0,0,0,279,3,0,0,0,0,0,0,0,9,0,0,0,0,0,0,0,2,0,0,0,0,0,0,0,0,0,0,0,0,0,0,0,0,0,0,0,0,0,0,0,0,0,0,0,0,0,0,0,0,0,0,0,0,0,0,0,0,0,0,0,0,0,0,0,0,0,0,0,0,0
45,San Matias Tepetomatitlan,Tiz_1,Tepetomatitlan,Tizatlan,San Esteban Tizatlan 1,7,5,584776,2140027,0,0,0,0,0,0,0,1,130,260,0,0,41,0,0,0,0,0,0,0,0,15,12,0,20,13,0,0,0,0,0,4,0,0,0,0,0,0,0,0,0,0,0,0,0,0,0,0,0,0,0,150,1,0,0,0,0,0,0,0,3,1,0,0,0,0,0,0,0,0,0,0,0,0,0,0,0,0,0,0,0,0,0,0,0,0,0,0,0,0,0,0,0,0,0,0,0,0,0,0,0,0,0,0,0,0,0,0,0,0,0,0,0,0,0,0,0,0,0,0,0,0
46,Santa Ana Chiauhtenpan,Tiz_2,Chiauhtenpan,Tizatlan,Santa Ana Chiauhtenpan,1,33,584601,2135652,0,0,0,1,0.3,0,0.3,0.7,,1508,0,0,246,0,0,8,0,0,0,0,0,0,21,0,66,104,0,0,0,0,1,37,0,0,0,0,0,6,0,0,3,0,0,0,0,1,0,0,0,0,0,907,1,0,4,0,0,0,1,0,30,0,0,3,0,0,0,0,0,0,0,0,0,0,0,0,0,0,0,0,0,0,0,0,0,0,0,0,0,3,39,0,1,2,0,18,0,0,0,0,0,0,0,0,5,0,0,0,0,0,0,1,0,0,0,0,0,0,0,0,0,0
47,San Bernardino Contlan,Tiz_3,Contlan,Tizatlan,San Bernardino Contlan,1,11,587454,2137939,0,0,0,0,0.15,0,0.15,0.85,,772,0,0,112,0,0,3,0,0,0,0,0,0,31,0,50,42,0,0,0,0,0,10,0,0,0,0,0,5,0,0,0,0,0,0,0,0,0,0,0,0,0,457,0,0,4,0,0,0,0,0,8,1,0,2,0,0,0,1,0,0,0,0,0,0,0,0,0,0,0,0,0,0,0,0,0,0,0,0,0,7,18,0,0,4,0,7,0,0,1,0,0,0,0,0,9,0,0,0,0,0,0,0,0,0,0,0,0,0,0,0,0,0
48,Santa Cruz Cozcacuauhatlauhco,Tiz_3,Cozcacuauhatlauhco,Tizatlan,San Bernardino Contlan,2,17,589359,2140312,0,0,0,0,0.5,0,0.5,0.5,,764,0,0,119,0,0,0,0,0,0,0,0,0,26,0,40,28,0,0,0,0,0,21,0,0,0,0,0,5,0,0,3,0,0,0,0,1,0,0,0,0,0,463,2,0,0,0,0,0,0,0,13,4,0,0,0,0,0,0,0,0,0,0,0,0,0,0,2,0,0,0,0,0,0,0,0,0,0,0,0,1,21,0,0,5,0,1,0,0,0,0,0,0,0,0,8,0,0,0,0,0,0,0,0,0,0,0,0,0,0,0,1,0
49,San Antonio Tlatlapancan,Tiz_3,Tlatlapancan,Tizatlan,San Bernardino Contlan,3,6,595908.6931,2140238.498,0,0,0,0,0,0,0,1,,432,0,0,63,0,0,0,0,0,0,0,0,0,2,0,32,22,0,0,0,0,0,6,0,0,0,0,0,1,0,0,0,0,0,0,0,0,0,0,0,0,0,265,0,0,1,0,0,0,0,0,4,0,0,2,0,0,0,0,0,0,0,0,0,0,0,0,0,0,0,0,0,0,0,0,0,0,0,0,0,0,25,0,0,0,0,0,0,0,0,0,0,0,0,0,9,0,0,0,0,0,0,0,0,0,0,0,0,0,0,0,0,0
50,Santa Maria Concepcion Atlihuetzian,Tiz_4,Atlihuetzian,Tizatlan,Santa Maria Concepcion Atlihuetzian,1,12,586395,2142226,0,1,0,1,0,0,0,1,,535,0,2,84,0,0,18,0,0,0,0,0,10,33,0,26,26,0,0,0,0,0,0,0,0,0,0,0,1,1,0,5,1,0,0,0,0,0,0,0,0,0,300,5,0,0,0,0,0,0,0,8,4,0,0,0,1,0,0,0,0,0,0,0,0,0,0,0,0,0,0,0,0,0,0,0,0,0,0,1,0,1,0,6,1,0,0,0,0,0,0,0,0,0,0,1,0,0,0,0,0,0,0,0,0,0,0,0,0,0,0,0,0
51,San Marcos Tozquihuatzinco,Tiz_4,Tozquihuatzinco,Tizatlan,Santa Maria Concepcion Atlihuetzian,2,2,590009.7596,2142496.244,0,0,0,0,0.15,0,0.15,0.85,,89,0,0,0,0,0,0,0,0,0,0,0,0,14,0,13,3,0,0,0,0,0,0,0,0,0,0,0,1,0,0,0,0,0,0,0,0,0,0,0,0,0,53,0,1,0,0,0,0,0,0,0,2,0,0,0,0,0,0,0,0,0,0,0,0,0,0,0,0,0,0,0,0,0,0,0,0,0,0,0,0,1,0,1,0,0,0,0,0,0,0,0,0,0,0,0,0,0,0,0,0,0,0,0,0,0,0,0,0,0,0,0,0
52,San Hipolito Huilohuan,Tiz_4,Huilohuan,Tizatlan,Santa Maria Concepcion Atlihuetzian,3,3,589332,2144184,0,0,0,0,0,0,0,1,,99,0,0,6,0,0,0,0,0,0,0,0,0,14,0,11,4,0,0,0,0,0,10,0,0,0,0,0,0,0,0,0,0,0,0,0,0,0,0,0,0,0,50,0,0,0,0,0,0,0,0,1,1,0,0,0,0,0,0,0,0,0,0,0,0,0,0,0,0,0,0,0,0,0,0,0,0,0,0,0,0,0,0,1,0,0,0,0,0,0,0,0,0,0,0,0,0,0,0,0,0,0,0,0,0,0,0,0,0,0,1,0,0
53,San Urbano Tlacuatzinco,Tiz_4,Tlacuatzinco,Tizatlan,Santa Maria Concepcion Atlihuetzian,4,5,586711,2144642,0,0,0,0,0,0,0,1,,320,0,0,34,0,0,2,0,0,0,0,0,14,22,0,29,15,0,0,0,0,0,1,0,0,0,0,0,4,0,0,1,0,0,0,0,0,0,0,0,0,0,176,2,0,0,0,0,0,0,0,4,1,0,0,0,0,0,0,0,0,0,0,0,0,0,0,0,0,0,0,0,0,0,0,0,0,0,0,0,0,0,0,5,6,0,0,0,0,2,0,0,0,0,0,2,0,0,0,0,0,0,0,0,0,0,0,0,0,0,0,0,0
54,San Dionisio Yauhquemecan,Tiz_4,Yauhquemecan,Tizatlan,Santa Maria Concepcion Atlihuetzian,5,7,585854,2145925,0,0,0,0,0,0,0,1,,409,0,0,46,0,0,0,0,0,0,0,0,1,19,0,38,19,0,0,0,0,0,2,0,1,0,0,0,0,0,0,4,0,0,0,0,0,0,0,0,1,0,252,3,0,0,0,0,0,0,0,7,0,0,0,0,0,0,0,0,0,0,0,0,0,0,0,0,0,0,0,0,0,0,0,0,0,0,0,0,0,1,0,10,0,0,0,0,0,0,0,0,0,0,0,3,0,0,0,0,0,0,0,0,0,2,0,0,0,0,0,0,0
55,Santa Ursula Cimatepec,Tiz_4,Cimatepec,Tizatlan,Santa Maria Concepcion Atlihuetzian,6,7,587654,2147442,0,0,0,0,0.15,0,0.15,0.85,,485,0,0,87,0,0,3,0,0,0,0,0,0,0,0,30,22,0,0,0,0,0,7,0,1,1,0,0,2,0,0,1,0,1,0,0,0,0,0,0,1,0,304,2,0,0,0,0,0,0,0,7,0,0,0,0,0,0,0,0,0,0,0,0,0,0,0,0,0,0,0,0,0,0,0,0,0,0,0,0,0,0,0,14,0,0,0,0,0,0,0,0,0,0,0,2,0,0,0,0,0,0,0,0,0,0,0,0,0,0,0,0,0
56,San Bartolome Matlalocan,Tiz_4,Matlalocan,Tizatlan,Santa Maria Concepcion Atlihuetzian,7,4,591605,2150723,0,0,0,0,0.1,0,0.1,0.9,,226,0,0,21,0,0,0,0,0,0,0,0,0,0,0,0,13,0,0,0,0,0,0,0,0,0,0,0,0,0,0,0,0,0,0,0,0,0,0,0,0,0,187,1,0,0,0,0,0,0,0,4,0,0,0,0,0,0,0,0,0,0,0,0,0,0,0,0,0,0,0,0,0,0,0,0,0,0,0,0,0,0,0,0,0,0,0,0,0,0,0,0,0,0,0,0,0,0,0,0,0,0,0,0,0,0,0,0,0,0,0,0,0
57,San Andres Ahuazhuatepec,Tiz_5,Ahuazhuatepec,Tizatlan,San Andres Ahuazhuatepec,1,4,594089.1334,2143017.618,0,0,0,0,0.15,0,0.15,0.85,,286,0,0,69,0,0,3,0,0,0,0,0,1,2,0,23,9,0,0,0,0,0,0,0,0,0,0,0,0,0,0,1,1,0,0,0,0,0,0,0,0,0,163,2,0,0,0,0,0,0,0,2,0,0,2,0,0,0,0,0,0,0,0,0,0,0,0,0,0,0,0,0,0,0,0,0,0,0,0,0,0,0,0,3,0,0,0,0,0,0,0,0,0,0,0,5,0,0,0,0,0,0,0,0,0,0,0,0,0,0,0,0,0
58,San Salvador Tzompantzinco,Tiz_5,Tzompantzinco,Tizatlan,San Andres Ahuazhuatepec,2,7,595440.1457,2142673.004,0,0,0,0,0,0,0,1,,445,0,0,56,0,0,6,0,0,0,0,0,2,7,0,15,22,0,0,0,0,0,9,0,2,0,0,0,0,0,0,1,5,0,0,0,6,0,0,0,0,0,295,1,0,1,0,0,0,0,0,6,1,0,0,0,0,0,0,0,0,0,0,0,0,0,0,0,0,0,0,0,0,0,0,0,0,0,0,0,0,5,0,0,0,0,0,0,0,0,0,0,0,0,0,3,0,0,0,0,0,0,0,0,0,2,0,0,0,0,0,0,0
59,San Juan Quetzalcohuapan,Tiz_5,Quetzalcohuapan,Tizatlan,San Andres Ahuazhuatepec,3,1,597534.7941,2142936.541,0,0,0,0,0,0,0,1,,265,1,0,15,0,0,0,0,0,0,0,0,0,0,0,11,4,0,0,0,0,0,5,0,0,0,0,0,1,0,0,0,0,0,0,0,1,0,0,0,0,0,199,1,0,0,0,0,0,0,0,4,0,0,0,0,0,0,0,0,0,0,0,0,0,0,0,0,0,0,0,0,0,0,0,0,0,0,0,0,0,20,0,0,0,0,0,0,0,0,0,0,0,0,4,0,0,0,0,0,0,0,0,0,0,0,0,0,0,0,0,0,0
60,Santa Maria Tocatlan,Tiz_5,Tocatlan,Tizatlan,San Andres Ahuazhuatepec,4,1,601719.3856,2144251.968,0,0,0,0,0,0,0,1,,112,0,0,0,0,0,0,0,0,0,0,0,0,0,0,2,5,0,0,0,0,0,5,0,0,0,0,0,0,0,0,0,0,0,0,0,0,0,0,0,0,0,90,0,0,0,0,0,0,0,0,1,0,0,0,0,0,0,0,0,0,0,0,0,0,2,0,0,1,0,0,0,0,0,0,0,0,0,0,0,0,0,0,1,0,0,0,0,0,0,0,0,0,0,1,2,0,0,0,0,0,0,0,0,0,2,0,0,0,0,0,0,0
61,San Cosme Xaloztoc,Tiz_5,Xaloztoc,Tizatlan,San Andres Ahuazhuatepec,5,2,599870,2145806,0,0,0,0,0,0,0,1,,214,0,0,19,0,0,0,0,0,0,0,0,0,0,0,0,4,0,0,0,0,0,0,0,0,0,0,0,0,0,0,0,0,0,0,0,0,0,0,0,0,0,189,0,0,0,0,0,0,0,0,2,0,0,0,0,0,0,0,0,0,0,0,0,0,0,0,0,0,0,0,0,0,0,0,0,0,0,0,0,0,0,0,0,0,0,0,0,0,0,0,0,0,0,0,0,0,0,0,0,0,0,0,0,0,0,0,0,0,0,0,0,0
62,San Pedro Cuauhoztoc,Tiz_5,Cuauhoztoc,Tizatlan,San Andres Ahuazhuatepec,6,2,593958.6494,2145533.423,0,0,0,0,0.4,0,0.4,0.6,,116,0,0,0,0,0,0,0,0,0,0,0,0,3,0,4,5,0,0,0,0,0,4,0,0,0,0,0,0,0,0,0,0,0,0,0,0,0,0,0,0,0,92,0,0,0,0,0,0,0,1,2,0,0,0,0,0,0,0,0,0,0,0,0,0,0,0,0,0,0,0,0,0,0,0,0,0,0,0,0,0,0,0,0,0,0,0,0,0,0,0,0,0,0,0,5,0,0,0,0,0,0,0,0,0,0,0,0,0,0,0,0,0
63,Santiago Tecatzinco,Tiz_5,Tecatzinco,Tizatlan,San Andres Ahuazhuatepec,7,3,589534.7203,2152869.431,0,0,0,0,0,0,0,1,,97,0,0,0,0,0,0,0,0,0,0,0,0,0,0,4,7,0,4,0,0,0,1,0,0,0,0,0,0,0,0,0,0,0,0,0,0,0,0,0,0,0,53,0,0,0,0,0,0,0,0,3,0,0,0,0,0,0,0,0,0,0,0,0,0,12,0,0,0,0,0,0,0,0,0,0,0,0,0,0,0,8,0,0,0,0,0,0,0,0,0,0,0,0,0,5,0,0,0,0,0,0,0,0,0,0,0,0,0,0,0,0,0
64,San Lorenzo Zocac,Tiz_5,Zocac,Tizatlan,San Andres Ahuazhuatepec,8,5,593068.1516,2158250.009,0,0,0,0,0,0,0,1,,451,0,0,38,0,0,0,0,0,0,0,0,0,0,0,9,34,0,0,0,2,0,9,0,0,0,0,0,0,0,0,0,0,0,0,0,0,0,0,0,0,0,344,2,0,0,0,0,0,0,0,5,0,0,0,0,0,0,0,0,0,0,0,0,0,3,0,0,0,0,0,0,0,0,0,0,0,0,0,0,0,2,0,0,0,0,0,0,0,0,0,0,0,0,0,2,0,0,0,0,0,0,0,0,0,1,0,0,0,0,0,0,0
65,Santa Maria Tecohuactzinco,Tiz_5,Tecohuactzinco,Tizatlan,San Andres Ahuazhuatepec,9,4,598880.7535,2160906.101,0,1,1,1,0,0,0,1,,884,0,0,29,0,0,3,0,0,0,0,0,0,0,0,0,72,0,0,0,0,0,0,0,0,0,0,0,0,0,0,0,0,0,0,0,0,0,0,0,0,0,774,2,0,0,0,0,0,0,0,4,0,0,0,0,0,0,0,0,0,0,0,0,0,0,0,0,0,0,0,0,0,0,0,0,0,0,0,0,0,0,0,0,0,0,0,0,0,0,0,0,0,0,0,0,0,0,0,0,0,0,0,0,0,0,0,0,0,0,0,0,0
66,"San Pedro Hueyactepec y San Lucas Cuamaxalco	",Tiz_5,Hueyactepec,Tizatlan,San Andres Ahuazhuatepec,10,9,602517.9606,2154571.788,0,0,0,0,0,0,0,1,,277,0,0,6,0,0,0,0,0,0,0,0,0,0,0,3,7,0,0,0,0,0,0,0,0,0,0,0,0,0,0,0,0,0,0,0,0,0,0,0,0,0,238,1,0,0,0,0,0,0,0,9,0,0,0,0,0,0,0,0,0,0,1,0,0,2,0,0,0,0,0,0,0,0,0,0,0,0,0,0,0,4,0,0,0,0,0,0,0,0,0,0,0,0,0,2,0,0,0,0,0,0,0,0,0,4,0,0,0,0,0,0,0
67,Santo Toribio Tolocan,Tiz_5,Tolocan,Tizatlan,San Andres Ahuazhuatepec,11,6,609375.5032,2152854.443,0,0,0,0,0,0,0,1,,406,0,0,0,0,0,0,0,0,0,0,0,0,4,0,13,15,0,0,0,0,0,0,0,0,0,0,0,2,0,0,0,0,0,0,0,0,0,0,0,0,0,353,1,0,0,0,0,0,0,0,6,0,0,0,0,0,0,0,0,0,0,0,0,0,0,0,0,1,0,0,0,0,0,0,0,0,0,0,0,0,5,0,0,0,0,0,0,0,0,0,0,0,0,0,2,0,0,0,0,0,0,0,0,0,4,0,0,0,0,0,0,0
68,Santa Maria Texcalac,Tiz_5,Texcalac,Tizatlan,San Andres Ahuazhuatepec,12,5,595479,2147700,0,0,0,0,0.5,0,0.5,0.5,,504,0,0,34,0,0,1,0,0,0,0,0,0,0,0,24,38,0,0,0,0,0,4,0,0,0,0,0,0,0,0,0,0,0,0,0,0,0,0,0,0,0,379,1,0,0,0,0,0,0,0,5,0,0,0,0,0,0,0,0,0,0,0,0,0,0,0,0,0,0,0,0,0,0,0,0,0,0,0,0,0,12,0,0,2,0,0,0,0,0,0,0,0,0,0,2,0,0,0,0,0,0,0,0,0,2,0,0,0,0,0,0,0
69,San Bartolome Atlixelihuian,Tiz_6,Atlixelihuian,Tizatlan,San Bartolome Atlixelihuian,1,23,616907.6276,2147196.506,0,0,0,1,0.15,0,0.15,0.85,,648,0,0,1,0,0,0,0,0,0,0,0,0,0,0,15,47,0,0,0,0,0,0,0,0,0,0,0,2,0,0,7,0,0,0,0,0,0,0,0,0,0,532,5,0,0,0,0,0,0,0,24,0,0,0,0,0,0,0,0,0,2,2,0,0,0,0,0,0,0,0,0,0,0,0,0,0,0,0,0,0,2,0,0,0,0,1,0,0,0,0,0,0,0,0,8,0,0,0,0,0,0,0,0,0,0,0,0,0,0,0,0,0
70,San Pablo Ocotzocuauhtlan,Tiz_6,Ocotzocuauhtlan,Tizatlan,San Bartolome Atlixelihuian,2,5,607331.8612,2145240.277,0,0,0,0,0.15,0,0.15,0.85,,232,0,0,0,0,0,0,0,0,0,0,0,0,0,0,7,15,0,0,0,0,0,0,0,0,0,0,0,0,0,0,0,0,0,0,0,0,0,0,0,0,0,186,2,0,0,0,0,0,0,0,5,0,0,0,0,0,0,0,0,0,0,0,0,0,1,0,0,1,0,0,0,0,0,0,0,0,0,0,0,0,2,0,0,0,0,0,0,0,0,0,0,0,0,0,7,0,0,0,2,0,0,0,0,0,2,0,2,0,0,0,0,0
71,Santa Maria Asuncion Zohuapilla,Tiz_6,Zohuapilla,Tizatlan,San Bartolome Atlixelihuian,3,2,630202.0813,2141373.759,0,0,0,0,0.4,0,0.4,0.6,,113,0,0,0,0,0,0,0,0,0,0,0,0,0,0,4,2,0,0,0,0,0,4,0,0,0,0,0,0,0,0,0,0,0,0,0,0,0,0,0,0,0,94,0,0,0,0,0,0,0,0,2,0,0,0,0,0,0,0,0,0,0,0,0,0,0,0,0,0,0,0,0,0,0,0,0,0,0,0,0,0,0,0,0,0,0,0,0,0,0,0,0,0,0,0,0,0,0,0,7,0,0,0,0,0,0,0,0,0,0,0,0,0
72,San Lucas Acxopilco,Tiz_6,Acxopilco,Tizatlan,San Bartolome Atlixelihuian,4,2,628819.5634,2149570.599,0,0,0,0,0.1,0,0.1,0.9,,63,0,0,0,0,0,0,0,0,0,0,0,0,0,0,4,4,0,0,0,0,0,0,0,0,0,0,0,0,0,0,0,0,0,0,0,0,0,0,0,0,0,52,0,0,0,0,0,0,0,0,2,0,0,0,0,0,0,0,0,0,0,0,0,0,0,0,0,0,0,0,0,0,0,0,0,0,0,0,0,0,0,0,0,0,0,0,0,0,0,0,0,0,0,0,0,0,0,0,0,0,0,0,0,0,0,0,1,0,0,0,0,0
73,San Juan Baptista Cuapiaztla,Tiz_6,Cuapiaztla,Tizatlan,San Bartolome Atlixelihuian,5,2,629311.8833,2134017.409,0,0,0,0,0.35,0,0.35,0.65,,97,0,0,0,0,0,0,0,0,0,0,0,0,0,0,7,1,0,0,0,0,0,2,0,0,0,0,0,0,0,0,0,0,0,0,0,0,0,0,0,0,0,66,0,0,0,0,0,0,0,0,3,0,0,0,2,0,0,0,0,0,0,2,0,0,3,0,0,0,0,0,0,0,0,0,0,0,0,0,0,0,2,0,0,0,0,0,0,0,0,0,0,0,0,0,0,0,0,0,2,0,0,0,0,0,0,0,7,0,0,0,0,0
74,San Juan Baptista Tlacaltech,Tiz_6,Tlacaltech,Tizatlan,San Bartolome Atlixelihuian,6,9,616149.5232,2129079.94,0,0,0,0,0.25,0,0.25,0.75,,236,0,0,0,0,0,0,0,0,0,0,0,0,0,0,4,10,0,0,0,0,0,0,0,0,0,0,0,0,0,0,0,0,0,0,0,0,0,0,0,0,0,199,4,0,0,0,0,0,0,0,9,0,0,0,0,0,0,0,0,0,0,0,0,0,0,0,0,0,0,0,0,0,0,0,0,0,0,0,0,0,3,0,0,0,0,0,0,0,0,0,0,0,0,0,2,0,0,0,4,0,0,0,0,0,0,0,1,0,0,0,0,0
75,San Sebastian Cuamaco,Tiz_6,Cuamaco,Tizatlan,San Bartolome Atlixelihuian,7,39,613128.2146,2135702.536,0,0,0,0,0.5,0,0.5,0.5,,971,0,0,0,0,0,0,0,0,0,0,0,0,0,0,24,44,0,0,0,0,0,7,0,0,0,0,0,0,1,0,5,0,0,0,0,0,0,0,0,0,0,846,7,0,0,0,0,0,0,0,37,0,0,0,0,0,0,0,0,0,0,0,0,0,0,0,0,0,0,0,0,0,0,0,0,0,0,0,0,0,0,0,0,0,0,0,0,0,0,0,0,0,0,0,0,0,0,0,0,0,0,0,0,0,0,0,0,0,0,0,0,0
76,San Francisco Zoltepec,Tiz_6,Zoltepec,Tizatlan,San Bartolome Atlixelihuian,8,18,612315.9998,2132597.285,0,0,0,0,0.15,0,0.15,0.85,,470,0,0,0,0,0,0,0,0,0,0,0,0,0,0,14,31,0,0,0,0,0,14,0,0,0,0,0,0,0,0,0,0,0,0,0,0,0,0,0,0,0,372,5,0,0,0,0,0,0,0,18,0,0,0,0,0,0,0,0,0,0,0,0,0,0,0,0,1,0,0,0,0,0,0,0,0,0,0,0,0,9,0,0,0,0,0,0,0,0,0,0,0,0,0,6,0,0,0,0,0,0,0,0,0,0,0,0,0,0,0,0,0
77,San Miguel Tzatzacualla,Tiz_6,Tzatzacualla,Tizatlan,San Bartolome Atlixelihuian,9,8,607746.286,2134670.916,0,0,0,0,0.15,0,0.15,0.85,,314,0,0,0,0,0,0,0,0,0,0,0,0,0,0,5,9,0,0,0,0,0,6,0,0,0,0,0,0,0,0,0,0,0,0,0,0,0,0,0,0,0,264,2,0,0,0,0,0,0,0,8,0,0,0,0,0,0,0,0,0,0,0,0,0,0,0,0,0,0,0,0,0,0,0,0,0,0,0,0,0,5,0,0,0,0,0,0,0,0,0,0,0,0,0,11,0,0,0,4,0,0,0,0,0,0,0,0,0,0,0,0,0
78,San Pablo Citlaltepec,Tiz_6,Citlaltepec,Tizatlan,San Bartolome Atlixelihuian,10,1,614712.5261,2123831.193,0,0,0,0,0.15,0,0.15,0.85,,51,0,0,0,0,0,0,0,0,0,0,0,0,0,0,0,7,8,0,0,0,0,0,0,0,0,0,0,0,0,0,0,0,0,0,0,0,0,0,0,0,0,35,0,0,0,0,0,0,0,0,1,0,0,0,0,0,0,0,0,0,0,0,0,0,0,0,0,0,0,0,0,0,0,0,0,0,0,0,0,0,0,0,0,0,0,0,0,0,0,0,0,0,0,0,0,0,0,0,0,0,0,0,0,0,0,0,0,0,0,0,0,0
79,Quiyahuiztlan,Qui_1,Quiyahuiztlan1,Quiyahuiztlan,Quiyahuiztlan,1,8,578530.3152,2137752.01,0,0,0,0,0.2,0,0.2,0.8,,349,0,0,4,0,0,3,0,0,0,0,0,1,15,0,3,28,0,0,0,0,0,3,0,0,0,0,0,2,0,0,0,0,0,0,0,0,0,0,0,0,0,247,2,0,0,0,0,0,0,0,9,0,0,0,3,0,0,0,2,0,0,0,0,0,2,0,0,0,0,0,0,1,0,2,0,0,0,0,0,0,0,0,0,3,0,1,0,13,0,0,0,0,0,0,2,0,0,1,1,0,1,0,0,0,0,0,0,0,0,0,0,0
80,Santa Marta Chalchicuyenca,Qui_1,Chalchicuyenca,Quiyahuiztlan,Quiyahuiztlan,2,4,572775,2136762,0,0,0,0,0.9,0.3,0.6,0.1,,158,0,0,4,0,0,0,0,0,0,0,0,0,3,0,13,5,0,0,0,0,0,1,0,0,0,0,0,2,0,0,0,0,0,0,0,0,0,0,0,0,0,108,1,0,0,0,0,0,0,0,4,0,0,0,2,0,0,0,1,1,0,0,0,0,2,0,0,1,0,0,0,0,0,0,0,0,0,0,0,0,0,0,0,5,0,0,0,0,0,0,0,0,0,0,2,0,0,0,3,0,0,0,0,0,0,0,0,0,0,0,0,0
81,La Trinidad Tenexyacac,Qui_1,Tenexyacac,Quiyahuiztlan,Quiyahuiztlan,3,1,571964,2138042,0,0,0,0,0.8,0.25,0.55,0.2,,58,0,0,0,0,0,0,0,0,0,0,0,0,5,0,1,2,0,0,0,0,0,0,0,0,0,0,0,0,0,0,0,0,0,0,0,0,0,0,0,0,0,43,0,0,0,0,0,0,0,0,1,0,0,0,0,0,0,0,0,0,0,0,0,0,1,0,0,1,0,0,0,0,0,0,0,0,0,0,0,0,0,0,3,0,0,1,0,0,0,0,0,0,0,0,0,0,0,0,0,0,0,0,0,0,0,0,0,0,0,0,0,0
82,Santa Justina Yecatepec,Qui_1,Yecatepec,Quiyahuiztlan,Quiyahuiztlan,4,5,567796,2135456,0,0,0,0,0.8,0.8,0,0.2,,195,0,0,2,0,0,0,0,0,0,0,0,0,14,0,14,2,0,0,0,0,0,6,0,0,0,0,0,1,0,0,0,0,0,0,0,0,0,0,0,0,0,121,2,0,0,0,0,0,0,0,5,0,0,0,0,0,0,0,0,0,0,0,0,0,0,0,0,1,0,0,0,0,0,13,0,0,0,0,0,0,0,0,0,0,0,1,0,0,0,0,0,0,0,0,12,0,0,0,0,0,0,0,0,0,1,0,0,0,0,0,0,0
83,San Felipe Tequemecan,Qui_1,Tequemecan,Quiyahuiztlan,Quiyahuiztlan,5,14,565256,2136985,0,0,0,1,0.85,0.25,0.6,0.15,,862,0,0,3,0,0,0,0,0,0,0,0,0,44,0,82,18,0,0,0,0,0,36,0,0,0,0,0,3,0,0,0,0,1,0,0,0,0,0,0,0,0,577,3,1,0,0,0,0,0,0,14,0,0,0,2,0,0,0,0,1,0,0,0,0,2,0,0,0,0,0,0,0,0,9,0,0,0,0,0,0,8,0,13,0,0,0,0,0,0,0,0,0,0,0,16,0,0,0,11,16,0,0,0,0,0,0,0,0,0,0,0,2
84,San Pedro Huitzilhuacan,Qui_1,Huitzilhuacan,Quiyahuiztlan,Quiyahuiztlan,6,9,563039,2133497,1,0,0,0,0.85,0.65,0.2,0.15,,348,0,0,0,0,0,0,0,0,0,0,0,0,9,0,12,11,0,0,0,0,0,10,0,0,0,0,0,0,0,0,0,0,0,0,0,0,0,0,0,0,0,270,3,0,0,0,0,0,0,0,9,0,0,0,3,1,0,0,0,0,1,0,0,0,1,0,0,1,0,0,0,0,0,2,0,0,0,0,0,0,0,0,0,0,0,0,0,0,0,0,0,0,0,0,14,0,0,0,0,0,0,0,0,0,1,0,0,0,0,0,0,0
85,San Bartolome Tecuezcomac,Qui_1,Tecuezcomac,Quiyahuiztlan,Quiyahuiztlan,7,1,568397,2133291,0,0,0,0,0.65,0.65,0,0.35,,46,0,0,2,0,0,0,0,0,0,0,0,0,6,0,2,0,0,0,0,0,0,2,0,0,0,0,0,0,0,0,0,0,0,0,0,0,0,0,0,0,0,31,0,0,0,0,0,0,0,0,1,0,0,0,1,0,0,0,0,0,0,0,0,0,0,0,0,0,0,0,0,0,0,0,0,0,0,0,0,0,0,0,0,0,0,0,0,0,0,0,0,0,0,0,1,0,0,0,0,0,0,0,0,0,0,0,0,0,0,0,0,0
86,San Agustin Tlapechco,Qui_1,Tlapechco,Quiyahuiztlan,Quiyahuiztlan,8,5,560650.8362,2138172.701,0,0,0,0,0.1,0,0.1,0.9,,164,0,0,2,0,0,0,0,0,0,0,0,0,4,0,0,5,0,0,0,0,0,0,0,0,0,0,0,0,0,0,0,0,0,0,0,0,0,0,0,0,0,147,0,0,0,0,0,0,0,0,4,0,0,0,0,0,0,0,0,0,0,0,0,0,0,0,0,1,0,0,0,0,0,0,0,0,0,0,0,0,0,0,0,0,0,0,0,0,0,0,0,0,0,0,1,0,0,0,0,0,0,0,0,0,0,0,0,0,0,0,0,0
87,San Lorenzo Zacaxochitlan,Qui_1,Zacaxochitlan,Quiyahuiztlan,Quiyahuiztlan,9,3,554415.7253,2145983.4,0,0,0,0,0.15,0,0.15,0.85,,120,0,0,0,0,0,0,0,0,0,0,0,0,0,0,0,4,0,0,0,0,0,0,0,0,0,0,0,0,0,0,0,0,0,0,0,0,0,0,0,0,0,112,1,0,0,0,0,0,0,0,3,0,0,0,0,0,0,0,0,0,0,0,0,0,0,0,0,0,0,0,0,0,0,0,0,0,0,0,0,0,0,0,0,0,0,0,0,0,0,0,0,0,0,0,0,0,0,0,0,0,0,0,0,0,0,0,0,0,0,0,0,0
88,San Bartolo Xochitepec,Qui_1,Xochitepec,Quiyahuiztlan,Quiyahuiztlan,10,1,551961.6095,2151607.895,0,0,0,0,0,0,0,1,,57,0,0,0,0,0,0,0,0,0,0,0,0,0,0,0,1,0,0,0,0,0,0,0,0,0,0,0,0,0,0,0,0,0,0,0,0,0,0,0,0,0,55,0,0,0,0,0,0,0,0,1,0,0,0,0,0,0,0,0,0,0,0,0,0,0,0,0,0,0,0,0,0,0,0,0,0,0,0,0,0,0,0,0,0,0,0,0,0,0,0,0,0,0,0,0,0,0,0,0,0,0,0,0,0,0,0,0,0,0,0,0,0
89,Santo Tomas Chimalpan,Qui_2,Chimalpan,Quiyahuiztlan,Santo Tomas Chimalpan,1,5,579112.6014,2137556.46,1,0,0,0,0.5,0,0.5,0.5,,214,0,0,1,0,0,0,0,0,0,0,0,0,5,0,13,14,0,0,0,0,0,0,0,0,0,0,0,0,0,0,0,0,0,0,0,0,0,0,0,0,0,169,1,0,0,0,0,0,0,0,2,3,0,0,0,0,0,0,0,0,0,0,0,0,0,0,0,0,0,0,0,0,0,0,0,0,0,0,0,1,0,0,0,1,0,4,0,0,0,0,0,0,0,0,0,0,0,0,0,0,0,0,0,0,0,0,0,0,0,0,0,0
90,San Mateo Huexoloacan,Qui_2,Huexoloacan,Quiyahuiztlan,Santo Tomas Chimalpan,2,5,575103,2142572,0,0,0,0,0,0,0,1,,215,0,0,11,0,0,0,0,0,0,0,0,0,11,0,0,7,0,0,0,0,0,0,0,0,0,0,0,0,0,0,0,0,0,0,0,0,0,0,0,0,0,180,0,0,0,0,0,0,0,0,2,2,0,0,0,0,0,0,0,0,0,0,0,0,0,0,0,0,0,0,0,0,0,0,0,0,0,0,0,0,0,0,0,0,0,0,0,0,0,0,0,0,0,0,2,0,0,0,0,0,0,0,0,0,0,0,0,0,0,0,0,0
91,San Francisco Temetzontlan,Qui_2,Temetzontlan,Quiyahuiztlan,Santo Tomas Chimalpan,3,3,574725,2139585,0,0,0,0,0,0,0,1,,200,0,0,5,0,0,0,0,0,0,0,0,0,12,0,11,7,0,0,0,0,0,5,0,0,0,0,0,0,0,0,0,0,0,0,0,0,0,0,0,0,0,118,0,2,0,0,0,0,0,0,0,3,0,0,0,0,0,0,0,0,0,0,0,0,0,0,0,0,0,0,0,0,0,1,0,0,0,0,0,0,0,0,0,27,0,0,0,0,0,0,0,0,0,0,9,0,0,0,0,0,0,0,0,0,0,0,0,0,0,0,0,0
92,San Judas Tadeo Huiloapan,Qui_2,Huiloapan,Quiyahuiztlan,Santo Tomas Chimalpan,4,3,576436,2143293,0,0,0,0,0,0,0,1,,135,0,0,12,0,0,0,0,0,0,0,0,0,8,0,5,5,0,0,0,0,0,2,0,0,0,0,0,0,0,0,0,0,0,0,0,0,0,0,0,0,0,92,0,1,0,0,0,0,0,0,1,2,0,0,0,0,0,0,0,0,0,0,0,0,0,0,0,0,0,0,0,0,0,0,0,0,0,0,0,0,0,0,3,4,0,0,0,0,0,0,0,0,0,0,0,0,0,0,0,0,0,0,0,0,0,0,0,0,0,0,0,0
93,Santa Maria Itzcotecamilla,Qui_2,Itzcotecamilla,Quiyahuiztlan,Santo Tomas Chimalpan,5,1,572451.4413,2147126.876,0,0,0,0,0,0,0,1,,40,0,0,0,0,0,0,0,0,0,0,0,0,3,0,6,3,0,0,0,0,0,3,0,0,0,0,0,0,0,0,0,0,0,0,0,0,0,0,0,0,0,23,0,0,0,0,0,0,0,0,1,0,0,0,0,0,0,0,0,0,0,0,0,0,0,0,0,0,0,0,0,0,0,0,0,0,0,0,0,0,1,0,0,0,0,0,0,0,0,0,0,0,0,0,0,0,0,0,0,0,0,0,0,0,0,0,0,0,0,0,0,0
94,San Miguel Tlaltepexic,Qui_2,Tlaltepexic,Quiyahuiztlan,Santo Tomas Chimalpan,6,1,570536.0349,2146551.689,0,0,0,0,0,0,0,1,,37,0,0,0,0,0,0,0,0,0,0,0,0,2,0,3,1,0,0,0,0,0,1,0,0,0,0,0,0,0,0,0,0,0,0,0,0,0,0,0,0,0,28,0,0,0,0,0,0,0,0,1,0,0,0,0,0,0,0,0,0,0,0,0,0,0,0,0,0,0,0,0,0,0,0,0,0,0,0,0,0,1,0,0,0,0,0,0,0,0,0,0,0,0,0,0,0,0,0,0,0,0,0,0,0,0,0,0,0,0,0,0,0
95,San Cristobal Oztotlapanco,Qui_2,Oztotlapanco,Quiyahuiztlan,Santo Tomas Chimalpan,7,5,570573,2140732,0,0,0,0,0,0,0,1,,265,0,0,17,0,0,0,0,0,0,0,0,0,18,0,11,10,0,0,0,0,0,5,0,0,0,0,0,0,0,0,0,0,0,0,0,0,0,0,0,0,0,185,0,0,2,0,0,0,0,0,0,5,0,0,0,0,0,0,0,0,0,0,0,0,0,0,0,0,0,0,0,0,0,0,0,0,0,0,0,0,3,0,0,4,0,1,0,0,0,0,0,0,0,0,4,0,0,0,0,0,0,0,0,0,0,0,0,0,0,0,0,0
96,San Sebastian Matlahuacalla,Qui_2,Matlahuacalla,Quiyahuiztlan,Santo Tomas Chimalpan,8,1,572874.9481,2145758.82,0,0,0,0,0,0,0,1,,100,0,0,6,0,0,0,0,0,0,0,0,0,5,0,4,6,0,0,0,0,0,1,0,0,0,0,0,1,0,0,0,0,0,0,0,0,0,0,0,0,0,65,0,0,0,0,1,0,0,0,0,1,0,0,0,0,0,0,0,0,0,0,0,0,0,0,0,0,0,0,0,0,0,0,0,0,0,0,0,0,7,0,0,0,0,0,0,0,0,0,0,0,0,0,3,0,0,0,0,0,0,0,0,0,0,0,0,0,0,0,0,0
97,San Juan Tlamacazcatzinco,Qui_2,Tlamacazcatzinco,Quiyahuiztlan,Santo Tomas Chimalpan,9,1,560102.5203,2144842.596,0,0,0,0,0,0,0,1,,102,0,0,0,0,0,0,0,0,0,0,0,0,0,0,0,4,0,0,0,0,0,0,0,0,0,0,0,0,0,0,0,0,0,0,0,0,0,0,0,0,0,97,0,0,0,0,0,0,0,0,1,0,0,0,0,0,0,0,0,0,0,0,0,0,0,0,0,0,0,0,0,0,0,0,0,0,0,0,0,0,0,0,0,0,0,0,0,0,0,0,0,0,0,0,0,0,0,0,0,0,0,0,0,0,0,0,0,0,0,0,0,0
98,San Andres Cuauhximallan,Qui_2,Cuauhximallan,Quiyahuiztlan,Santo Tomas Chimalpan,10,2,568665,2144961,0,0,0,0,0,0,0,1,,78,0,0,0,0,0,0,0,0,0,0,0,0,6,0,3,4,0,0,0,0,0,0,0,0,0,0,0,0,0,0,0,0,0,0,0,0,0,0,0,0,0,56,0,0,0,0,0,0,0,0,2,0,0,0,0,0,0,0,0,0,0,0,0,0,0,0,0,0,0,0,0,0,0,0,0,0,0,0,0,0,2,0,0,1,0,0,0,0,0,0,0,0,0,0,4,0,0,0,0,0,0,0,0,0,0,0,0,0,0,0,0,0
99,San Buenaventura Tetipancahatl,Qui_2,Tetipancahatl,Quiyahuiztlan,Santo Tomas Chimalpan,11,3,563111.0035,2144305.325,0,0,0,0,0,0,0,1,,80,0,0,0,0,0,0,0,0,0,0,0,0,0,0,0,5,0,0,0,0,0,0,0,0,0,0,0,2,0,0,0,0,0,0,0,0,0,0,0,0,0,66,0,0,0,0,0,1,0,0,1,2,0,0,0,0,0,0,0,0,0,0,0,0,0,0,0,0,0,0,0,0,0,0,0,0,0,0,0,0,1,0,0,0,0,0,0,0,0,0,0,0,0,0,2,0,0,0,0,0,0,0,0,0,0,0,0,0,0,0,0,0
100,San Lorenzo Ollacoyoca,Qui_2,Ollacoyoca,Quiyahuiztlan,Santo Tomas Chimalpan,12,1,566127.7999,2143198.528,0,0,0,0,0,0,0,1,,65,0,0,0,0,0,0,0,0,0,0,0,0,3,0,8,3,0,0,0,0,0,0,0,0,0,0,0,0,0,0,0,0,0,0,0,0,0,0,0,0,0,48,0,0,0,0,0,0,0,0,1,0,0,0,0,0,0,0,0,0,0,0,0,0,0,0,0,0,0,0,0,0,0,0,0,0,0,0,0,0,0,0,0,0,0,0,0,0,0,0,0,0,0,0,2,0,0,0,0,0,0,0,0,0,0,0,0,0,0,0,0,0
101,San Nicolas Panotlan,Qui_3,Panotlan,Quiyahuiztlan,San Nicolas Panotlan,1,9,576966,2135787,0,0,0,0,1,0.5,0.5,0,,410,0,0,15,0,0,0,0,0,0,0,0,0,17,0,4,24,0,0,0,0,0,4,0,0,0,0,0,0,0,0,0,0,0,0,0,0,0,0,0,0,0,294,2,0,0,0,1,0,0,0,9,0,0,0,0,0,2,0,0,0,0,0,0,0,2,0,0,1,0,0,0,0,0,0,0,3,0,0,0,0,0,12,0,8,0,7,0,0,0,0,0,0,0,0,0,0,0,0,0,0,0,0,0,0,5,0,0,0,0,0,0,0
102,San Vicente Xiloxochiyocan,Qui_3,Xiloxochiyocan,Quiyahuiztlan,San Nicolas Panotlan,2,3,571841.0656,2132501.842,0,0,0,0,0.8,0.35,0.45,0.2,,215,0,0,0,0,0,0,0,0,0,0,0,0,13,0,8,14,0,0,0,0,0,6,0,0,0,0,0,0,0,0,0,0,0,0,0,0,0,0,0,0,0,162,2,0,0,0,0,0,0,0,3,0,0,0,0,0,0,0,0,0,0,0,0,0,3,0,0,1,0,0,0,0,0,0,0,0,0,0,0,0,0,0,0,0,0,0,0,0,0,0,0,0,0,0,1,0,0,0,0,0,0,0,0,0,2,0,0,0,0,0,0,0
103,Santa Apolonia Teacalco,Qui_3,Teacalco,Quiyahuiztlan,San Nicolas Panotlan,3,4,572334.469,2127379.189,0,0,0,0,0.5,0.4,0.1,0.5,,187,0,0,7,0,0,0,0,0,0,0,0,0,6,0,8,12,0,0,0,0,0,3,0,0,0,0,0,0,0,0,0,0,0,0,0,0,0,0,0,0,0,127,2,0,0,0,0,0,0,0,4,0,0,0,0,2,0,0,0,0,0,0,0,0,1,0,0,0,0,0,0,0,0,0,0,0,0,0,0,0,2,3,0,2,0,0,0,0,0,0,0,0,0,0,6,0,0,0,0,0,0,0,0,0,2,0,0,0,0,0,0,0
104,San Bernabe Iczotitlan,Qui_3,Iczotitlan,Quiyahuiztlan,San Nicolas Panotlan,4,3,570578.5462,2126545.482,0,0,0,0,0.8,0.7,0.1,0.2,,301,0,0,9,0,0,0,0,0,0,0,0,0,7,0,15,6,0,0,0,0,0,0,0,0,0,0,0,0,0,0,0,0,0,0,0,0,0,0,0,0,0,251,1,0,0,0,0,0,0,0,3,0,0,0,2,0,0,0,0,0,0,0,0,0,2,0,0,1,0,0,0,0,0,0,0,0,0,0,0,0,0,0,0,2,0,0,0,0,0,0,0,0,0,0,1,0,0,0,0,0,0,0,0,0,1,0,0,0,0,0,0,0
105,San Miguel Xochitepetitlan,Qui_3,Xochitepetitlan,Quiyahuiztlan,San Nicolas Panotlan,5,1,568929,2127769,0,0,0,0,0.8,0.7,0.1,0.2,,96,0,0,0,0,0,0,0,0,0,0,0,0,5,0,2,1,0,0,0,0,0,3,0,0,0,0,0,0,0,0,0,0,0,0,0,0,0,0,0,0,0,75,0,0,0,0,0,0,0,0,2,0,0,0,0,0,0,0,0,0,0,0,0,0,3,0,0,1,0,0,0,0,0,0,0,0,0,0,0,0,0,0,0,0,0,1,0,0,0,0,0,0,0,0,1,0,0,0,0,0,0,0,0,0,2,0,0,0,0,0,0,0
106,San Cristobal Tenayacac,Qui_3,Tenayacac,Quiyahuiztlan,San Nicolas Panotlan,6,6,565430.1726,2129040.578,0,0,0,0,0.75,0.35,0.4,0.25,,367,0,0,0,0,0,0,0,0,0,0,0,0,14,0,0,11,0,0,0,0,0,3,0,0,0,0,0,0,0,0,0,0,0,0,0,0,0,0,0,0,0,315,1,0,0,0,0,0,0,0,6,0,0,0,0,4,0,0,0,0,0,1,0,0,1,0,0,1,0,0,0,0,0,0,0,3,0,0,0,0,0,0,0,0,0,0,0,0,0,0,0,0,0,0,4,0,0,0,0,0,0,0,0,0,3,0,0,0,0,0,0,0
107,San Lorenzo Ayacac,Qui_3,Ayacac,Quiyahuiztlan,San Nicolas Panotlan,7,5,563559.8076,2131515.377,1,0,0,0,1,0.7,0.3,0,,171,0,0,0,0,0,0,0,0,0,0,0,0,17,0,3,1,0,0,0,0,0,3,0,0,0,0,0,1,0,0,0,0,0,0,0,0,0,0,0,0,0,131,1,1,0,0,0,0,0,0,3,0,0,0,0,0,0,0,0,0,1,0,0,0,3,0,0,1,0,0,0,0,0,0,0,0,0,0,0,0,0,0,0,0,0,0,0,0,0,0,0,0,0,0,3,0,0,0,0,0,0,0,0,0,2,0,0,0,0,0,0,0
108,San Baltazar Tlapitzahuacan,Qui_4,Tlapitzahuacan,Quiyahuiztlan,San Baltazar Tlapitzahuacan,1,6,579384.9409,2138058.437,0,0,0,0,0.15,0,0.15,0.85,,258,0,0,54,0,0,2,0,0,0,0,0,0,0,0,5,20,0,0,0,0,0,0,0,0,0,0,0,0,0,0,0,0,0,0,0,0,0,0,0,0,0,158,1,0,0,0,0,0,0,0,6,0,0,0,3,0,0,0,0,0,0,0,0,0,1,0,0,1,0,0,0,0,0,0,0,0,0,0,0,0,0,0,2,1,0,0,0,0,0,0,0,0,0,0,2,0,0,0,0,0,0,0,0,0,2,0,0,0,0,0,0,0
109,Salvador Quiyahuiztlan,Qui_4,Quiyahuiztlan2,Quiyahuiztlan,San Baltazar Tlapitzahuacan,2,3,577496.1844,2136686.327,0,0,0,0,0.65,0,0.65,0.35,,179,0,0,14,0,0,0,0,0,0,0,0,0,10,0,10,19,0,0,0,0,0,0,0,0,0,0,0,1,0,0,0,0,0,0,0,0,0,0,0,0,0,95,1,0,0,0,0,0,0,0,3,0,0,0,1,0,0,0,0,0,0,0,0,0,0,0,0,3,0,0,0,0,0,0,0,1,0,0,0,0,0,0,7,4,3,3,0,0,0,0,0,0,0,0,2,0,0,0,0,0,0,0,0,0,0,0,2,0,0,0,0,0
110,San Ildefonso Hueyotlipan,Qui_4,Hueyotlipan,Quiyahuiztlan,San Baltazar Tlapitzahuacan,3,4,568454,2152779,0,0,1,1,0,0,0,1,,273,0,0,73,0,0,4,0,0,0,0,0,0,4,0,0,4,0,0,0,0,0,0,0,0,0,1,0,1,1,0,0,0,0,0,0,0,0,0,0,0,0,146,3,0,0,0,0,0,0,0,4,0,0,0,0,0,0,0,0,0,0,0,0,0,2,0,0,0,0,0,0,0,0,0,0,0,7,0,0,0,9,0,0,0,0,0,0,0,0,0,0,1,0,0,3,0,0,0,7,0,0,0,0,0,0,0,3,0,0,0,0,0
111,San Juan Baptista Tolzinco,Qui_4,Tolzinco,Quiyahuiztlan,San Baltazar Tlapitzahuacan,4,7,566117.5001,2151789.882,0,0,0,0,0,0,0,1,,210,0,0,10,0,0,0,0,0,0,0,0,0,1,0,8,8,0,0,0,0,0,4,0,0,0,0,0,6,0,0,0,0,0,0,0,0,0,0,0,0,0,157,1,0,0,0,0,0,0,0,7,0,0,0,1,0,0,0,0,0,0,0,0,0,0,0,0,0,0,0,0,0,0,0,0,0,0,0,0,0,3,0,0,0,0,0,0,0,0,0,0,0,0,0,3,0,0,0,0,0,0,0,0,0,0,0,1,0,0,0,0,0
112,San Nicolas Techallotepec,Qui_4,Techallotepec,Quiyahuiztlan,San Baltazar Tlapitzahuacan,5,6,569245.8964,2156968.149,0,0,0,0,0,0,0,1,,369,0,0,66,0,0,0,0,0,0,0,0,0,0,0,19,32,0,0,0,0,0,0,0,0,0,0,2,2,0,0,0,0,0,0,0,0,0,0,0,0,1,212,3,0,0,0,0,0,0,0,6,0,0,0,0,0,0,0,0,0,0,0,0,0,5,0,0,0,0,0,0,0,0,0,0,0,0,0,0,0,18,0,0,0,0,0,0,0,0,0,0,0,0,0,3,0,0,0,0,0,0,0,0,0,0,0,0,0,0,0,0,0
113,San Blas Cuauhxomolco,Qui_4,Cuauhxomolco,Quiyahuiztlan,San Baltazar Tlapitzahuacan,6,5,563388,2159138,0,0,0,0,0.1,0,0.1,0.9,,269,0,0,0,0,0,0,0,0,0,0,0,0,2,0,12,4,0,0,0,0,0,5,0,0,0,0,0,0,0,0,0,0,0,0,0,0,0,0,0,0,0,232,2,0,0,0,0,0,0,0,5,0,0,0,0,0,0,0,0,0,0,1,0,0,4,0,0,1,0,0,0,0,0,0,0,0,0,0,0,0,0,0,0,0,0,0,0,0,0,0,0,0,0,0,0,0,0,0,0,0,0,0,0,0,0,0,1,0,0,0,0,0
114,San Joaquin Cuauhtochco,Qui_4,Cuauhtochco,Quiyahuiztlan,San Baltazar Tlapitzahuacan,7,8,560530.3476,2153405.168,0,0,0,0,0,0,0,1,,236,0,0,0,0,0,0,0,0,0,0,0,0,5,0,2,5,0,0,0,0,0,1,0,0,0,0,0,0,0,0,0,0,0,0,0,0,0,0,0,0,0,164,2,0,0,0,0,0,0,0,8,0,0,0,0,0,0,0,0,0,0,0,0,0,0,0,0,0,0,0,0,0,0,0,0,0,14,0,0,0,32,0,0,0,0,0,0,0,0,0,0,0,0,0,3,0,0,0,0,0,0,0,0,0,0,0,0,0,0,0,0,0
115,San Andres Tzatzacuala,Qui_4,Tzatzacuala,Quiyahuiztlan,San Baltazar Tlapitzahuacan,8,7,555662.0562,2155693.818,0,0,0,0,0,0,0,1,,223,0,0,0,0,0,0,0,0,0,0,0,0,2,0,2,20,0,0,0,0,0,2,0,0,0,0,0,0,0,0,0,0,0,0,0,0,0,0,0,0,0,170,2,0,0,0,0,0,0,0,7,0,0,0,2,0,0,0,0,0,0,2,0,0,10,0,0,0,0,0,0,0,0,0,0,0,0,0,0,0,1,0,0,0,0,0,0,0,0,0,0,0,0,0,2,0,0,0,0,0,0,0,0,0,0,0,1,0,0,0,0,0
116,San Pedro Ocotlmallincan,Qui_4,Ocotlmallincan,Quiyahuiztlan,San Baltazar Tlapitzahuacan,9,2,569826.289,2150764.954,0,0,0,0,0,0,0,1,,131,0,0,7,0,0,0,0,0,0,0,0,0,0,0,6,12,0,0,0,0,0,5,0,0,0,0,0,0,0,0,0,0,0,0,0,0,0,0,0,0,0,88,0,0,0,0,0,0,0,0,2,0,0,0,3,0,0,0,0,0,0,0,0,0,2,0,0,1,0,0,0,0,0,0,0,0,0,0,0,0,0,0,0,0,0,0,0,0,0,0,0,0,0,0,5,0,0,0,0,0,0,0,0,0,0,0,0,0,0,0,0,0
117,Santos Inocentes Tepalcatepec,Qui_4,Tepalcatepec,Quiyahuiztlan,San Baltazar Tlapitzahuacan,10,1,563669.2763,2149261.55,0,0,0,0,0,0,0,1,,71,0,0,5,0,0,0,0,0,0,0,0,0,0,0,9,8,0,0,0,0,0,0,0,0,0,0,0,0,0,0,0,0,0,0,0,0,0,0,0,0,0,34,0,0,0,0,0,0,0,0,1,0,0,0,1,0,0,0,0,0,0,0,0,0,0,0,0,0,0,0,0,0,0,0,0,0,0,0,0,0,3,0,0,0,0,6,0,0,0,0,0,0,1,0,1,0,0,0,0,0,0,0,0,0,0,0,2,0,0,0,0,0
118,San Francisco Mitepec,Qui_4,Mitepec,Quiyahuiztlan,San Baltazar Tlapitzahuacan,11,3,558406,2149381,0,0,0,0,0,0,0,1,,108,0,0,0,0,0,0,0,0,0,0,0,0,0,0,0,9,0,0,0,0,0,0,0,0,0,0,0,0,0,0,0,0,0,0,0,0,0,0,0,0,0,78,1,0,0,0,0,0,0,0,3,0,0,0,5,0,0,0,0,0,0,0,0,0,3,0,0,1,0,0,0,0,0,0,0,0,0,0,0,0,3,0,0,0,0,0,0,0,0,0,0,0,0,0,1,0,0,0,0,0,0,0,0,0,0,0,0,0,0,0,0,4
119,Santiago Tessalocan,Qui_4,Tessalocan,Quiyahuiztlan,San Baltazar Tlapitzahuacan,12,1,557827.683,2163204.239,0,0,0,0,0.15,0,0.15,0.85,,90,0,0,27,0,0,0,0,0,0,0,0,0,0,0,0,4,0,0,0,0,0,0,0,0,0,0,0,0,0,0,0,0,0,0,0,0,0,0,0,0,0,55,0,0,0,0,0,0,0,0,1,0,0,0,0,0,0,0,0,0,2,1,0,0,0,0,0,0,0,0,0,0,0,0,0,0,0,0,0,0,0,0,0,0,0,0,0,0,0,0,0,0,0,0,0,0,0,0,0,0,0,0,0,0,0,0,0,0,0,0,0,0
120,San Diego Tepeticpac,Tep,Tepeticpac,Tepeticpac,San Diego Tepeticpac,1,6,580067.8043,2139290.194,0,0,0,0,0,0,0,1,,259,0,0,21,0,0,0,0,0,0,0,0,0,28,0,0,16,0,0,0,0,0,0,0,0,0,0,0,0,0,0,0,0,0,0,0,0,0,0,0,0,0,178,1,0,0,0,0,0,0,0,6,0,0,0,0,0,0,0,0,0,0,0,0,0,0,0,0,0,0,0,0,0,0,0,0,0,0,0,0,0,0,0,0,7,0,0,0,0,0,0,0,0,0,0,2,0,0,0,0,0,0,0,0,0,0,0,0,0,0,0,0,0
121,Ascension Galilea Huitzoltepec,Tep,Huitzoltepec,Tepeticpac,San Diego Tepeticpac,2,5,580037,2143468,0,0,0,0,0,0,0,1,,194,0,0,12,0,0,0,0,0,0,0,0,0,17,0,3,5,0,0,0,0,0,6,0,0,0,0,0,1,0,0,0,0,0,0,0,0,0,0,0,0,0,131,2,0,0,0,0,0,0,0,0,5,0,0,0,0,0,0,0,0,0,1,0,0,0,0,0,0,0,0,0,0,0,0,0,0,0,0,0,0,0,0,0,6,0,0,0,0,0,0,0,0,0,0,5,0,0,0,0,0,0,0,0,0,0,0,0,0,0,0,0,0
122,San Simon Tlatauhquitepec,Tep,Tlatauhquitepec,Tepeticpac,San Diego Tepeticpac,3,8,581126,2145497,0,0,0,0,0,0,0,1,,355,0,0,21,0,0,0,0,0,0,0,0,0,22,0,16,17,0,0,0,0,0,5,0,0,0,0,0,3,0,0,0,0,1,0,0,1,0,0,0,0,0,243,0,4,0,0,0,0,0,0,1,7,0,0,0,0,0,0,0,0,0,0,0,0,0,0,0,0,0,0,0,0,0,0,0,0,0,0,0,0,2,0,0,10,0,0,0,0,0,0,0,0,0,0,1,0,0,0,0,0,0,0,0,1,0,0,0,0,0,0,0,0
123,San Baltasar Tochpanecamilla,Tep,Tochpanecamilla,Tepeticpac,San Diego Tepeticpac,4,1,583480,2141949,0,0,0,0,0,0,0,1,,84,0,0,10,0,0,0,0,0,0,0,0,0,1,0,6,5,0,0,0,0,0,1,0,0,0,0,0,1,0,0,0,0,1,0,0,0,0,0,0,0,0,58,0,0,0,0,0,0,0,0,1,0,0,0,0,0,0,0,0,0,0,0,0,0,0,0,0,0,0,0,0,0,0,0,0,0,0,0,0,0,0,0,0,0,0,0,0,0,0,0,0,0,0,0,0,0,0,0,0,0,0,0,0,0,0,0,0,0,0,0,0,0
124,Santa Maria Zacatepec,Tep,Zacatepec,Tepeticpac,San Diego Tepeticpac,5,3,585444,2153418,0,0,0,0,0,0,0,1,,80,0,0,3,0,0,0,0,0,0,0,0,0,10,0,0,0,0,0,0,0,0,0,0,0,0,0,0,0,0,0,0,0,0,0,0,0,0,0,0,0,0,64,0,0,0,0,0,0,0,0,0,3,0,0,0,0,0,0,0,0,0,0,0,0,0,0,0,0,0,0,0,0,0,0,0,0,0,0,0,0,0,0,0,0,0,0,0,0,0,0,0,0,0,0,0,0,0,0,0,0,0,0,0,0,0,0,0,0,0,0,0,0
125,San Martin Xaltocan,Tep,Xaltocan,Tepeticpac,San Diego Tepeticpac,6,,582864,2147900,0,0,0,0,0,0,0,1,,0,0,0,0,0,0,0,0,0,0,0,0,0,0,0,0,0,0,0,0,0,0,0,0,0,0,0,0,0,0,0,0,0,0,0,0,0,0,0,0,0,0,,0,0,0,0,0,0,0,0,0,0,0,0,0,0,0,0,0,0,0,0,0,0,0,0,0,0,0,0,0,0,0,0,0,0,0,0,0,0,0,0,0,0,0,0,0,0,0,0,0,0,0,0,0,0,0,0,0,0,0,0,0,0,0,0,0,0,0,0,0,0
126,San Pablo Ollacoiocan,Tep,Ollacoiocan,Tepeticpac,San Diego Tepeticpac,7,,578040.3297,2149022.918,0,0,0,0,0,0,0,1,,158,0,0,24,0,0,0,0,0,0,0,0,0,0,0,0,9,0,0,0,0,0,0,0,0,0,0,0,0,0,0,0,0,0,0,0,0,0,0,0,0,0,125,0,0,0,0,0,0,0,0,0,0,0,0,0,0,0,0,0,0,0,0,0,0,0,0,0,0,0,0,0,0,0,0,0,0,0,0,0,0,0,0,0,0,0,0,0,0,0,0,0,0,0,0,0,0,0,0,0,0,0,0,0,0,0,0,0,0,0,0,0,0
127,San Lucas Tecopilco,Tep,Tecopilco,Tepeticpac,San Diego Tepeticpac,8,2,578003,2154547,0,0,0,0,0.1,0,0.1,0.9,,87,0,0,1,0,0,0,0,0,0,0,0,0,6,0,5,4,0,0,0,0,0,1,0,0,0,0,0,1,0,0,0,0,0,0,0,0,0,0,0,0,0,64,0,0,0,0,0,0,0,0,0,2,0,0,0,0,0,0,0,0,0,0,0,0,0,0,0,0,0,0,0,0,0,0,0,0,0,0,0,0,3,0,0,0,0,0,0,0,0,0,0,0,0,0,0,0,0,0,0,0,0,0,0,0,0,0,0,0,0,0,0,0
128,San Bartolome Oztoticpac,Tep,Oztoticpac,Tepeticpac,San Diego Tepeticpac,9,4,578218,2157958,0,0,0,0,0.2,0,0.2,0.8,,253,0,0,15,0,0,0,0,0,0,0,0,0,8,0,8,11,0,0,0,0,0,0,0,0,0,0,0,0,0,0,0,0,0,0,0,0,0,0,0,0,0,204,0,1,0,0,0,0,0,0,3,2,0,0,0,0,0,0,0,0,0,0,0,0,0,0,0,0,0,0,0,0,0,0,0,0,0,0,0,0,0,0,0,0,0,0,0,0,0,0,0,0,0,0,1,0,0,0,0,0,0,0,0,0,0,0,0,0,0,0,0,0
129,San Simeon Xipetzinco,Tep,Xipetzinco,Tepeticpac,San Diego Tepeticpac,11,3,574132,2153941,0,0,0,0,0,0,0,1,,138,0,0,10,0,0,0,0,0,0,0,0,0,9,0,6,8,0,0,0,0,0,2,0,0,0,0,0,0,0,0,0,0,0,0,0,0,0,0,0,0,0,95,0,0,0,0,0,0,0,0,0,3,0,0,0,0,0,0,0,0,0,0,0,0,0,0,0,0,0,0,0,0,0,0,0,0,0,0,0,0,5,0,0,0,0,0,0,0,0,0,0,0,0,0,0,0,0,0,0,0,0,0,0,0,0,0,0,0,0,0,0,0
130,San Leonardo Tecohuac,Tep,Tecohuac,Tepeticpac,San Diego Tepeticpac,12,2,582887.9646,2159839.323,0,1,0,0,0.35,0,0.35,0.65,,75,0,0,0,0,0,0,0,0,0,0,0,0,3,0,0,9,0,0,0,0,0,1,0,0,0,0,0,1,0,0,0,0,0,0,0,0,0,0,0,0,0,59,0,0,0,0,0,0,0,0,2,0,0,0,0,0,0,0,0,0,0,0,0,0,0,0,0,0,0,0,0,0,0,0,0,0,0,0,0,0,0,0,0,0,0,0,0,0,0,0,0,0,0,0,0,0,0,0,0,0,0,0,0,0,0,0,0,0,0,0,0,0
